<botcomponent schemaname="new_topic_d6d4a2b79c8c458f98f1005b77c51431">
  <componenttype>0</componenttype>
  <description>Tópico que va dirigido a responder la consulta frecuente del colaborador sobre su remuneración y como verificarla.</description>
  <iscustomizable>1</iscustomizable>
  <name>Solicitud de revisión o explicación de liquidación de sueldo por posible pago erróneo, sueldo base mal calculado o bonos, horas extras, etc.</name>
  <statecode>0</statecode>
  <statuscode>1</statuscode>
</botcomponent>