{"Version":null,"BotDisplayName":null,"AppInsightsInstrumentationKey":null,"AuthenticationMode":"Unspecified","AuthenticationTrigger":"AsNeeded","Intents":[{"kind":"Default","EndUserOverrideName":"Error en calculo de remuneración","AvailableInChannels":[],"SystemIntentTypes":[],"extractVariableIds":[],"confirmVariableIds":[],"IntentType":"Regular","TriggerQueries":["Ayuda, creo que mi salario fue mal calculado","Necesito ayuda para revisar el cálculo de mi remuneración","Mi remuneración no está bien, ¿cómo puedo pedir ayuda?","Tengo dudas sobre el cálculo de mi salario, ¿dónde puedo pedir ayuda?","¿Cómo puedo pedir soporte para revisar el cálculo de mi remuneración?","Ayuda, pienso que el cálculo de mi sueldo está mal","Soporte para revisar mi remuneración mal calculada","Necesito ayuda con el cálculo de mi sueldo, no parece correcto","Ayuda, el cálculo de mi salario no es el esperado","¿Cómo solicitar ayuda si mi remuneración está mal calculada?","Necesito asistencia para revisar si mi sueldo fue bien calculado","¿Cómo puedo verificar si mi salario fue bien calculado?","¿Qué hago si tengo dudas sobre el cálculo de mi sueldo?","¿Cómo revisar si mi remuneración está bien calculada?","¿Cómo saber si el cálculo de mi salario es correcto?","¿Qué hacer si sospecho que mi salario fue mal calculado?","¿Cómo reviso el cálculo de mi sueldo?","Tengo dudas sobre el cálculo de mi remuneración, ¿cómo verifico si está bien?","¿Qué hago si pienso que mi remuneración fue mal calculada?","¿Cómo puedo confirmar si mi sueldo fue calculado correctamente?","¿Cómo saber si el cálculo de mi remuneración es el correcto?","¿Cómo puedo verificar si mi remuneración fue calculada correctamente?","Creo que mi remuneración fue mal calculada, ¿qué hago?","Mi sueldo no parece estar bien calculado, ¿qué hago?","Tengo dudas sobre el cálculo de mi salario, ¿cómo lo reviso?","¿Qué hago si pienso que mi sueldo fue calculado incorrectamente?","Mi remuneración no parece correcta, ¿cómo lo soluciono?","¿Qué hago si mi salario no está bien calculado?","Creo que hay un error en el cálculo de mi sueldo, ¿qué puedo hacer?","El cálculo de mi remuneración no me parece justo, ¿qué hago?","Tengo dudas sobre mi salario, ¿cómo verificar si fue bien calculado?","¿Qué hacer si mi remuneración no parece correcta?","El cálculo de mi sueldo no parece estar bien, ¿cómo lo arreglo?","¿Qué hacer si creo que mi salario fue calculado erróneamente?","Mi sueldo está mal calculado, ¿cómo lo reclamo?","Pienso que el cálculo de mi remuneración está mal, ¿qué pasos sigo?"],"DialogId":"new_topic_d6d4a2b79c8c458f98f1005b77c51431","IsTriggeringEnabled":true,"CanTriggeringBeDisabled":true,"category":null,"Id":"new_topic_d6d4a2b79c8c458f98f1005b77c51431","DisplayName":"Error en calculo de remuneración","Description":"Tópico que va dirigido a responder la consulta frecuente del colaborador sobre su remuneración y como verificarla.","ShareContext":{},"CreatedTime":"2024-09-10T13:44:04.8739568Z","UpdatedTime":"2024-09-25T13:25:25.954629Z","CreatedUserId":"29634af8-da96-4704-8cf0-ca1980816fdc","UpdatedUserId":"29634af8-da96-4704-8cf0-ca1980816fdc","IsManaged":false,"IsCustomizable":true,"Etag":"W/\"667139\"","VersionNumber":0,"ComponentId":"00000000-0000-0000-0000-000000000000"}],"ObiIntents":[],"NamedEntities":[],"Dialogs":[{"RootNodeId":"06e5f14f-6f15-437e-97a8-c42ab2a6545f","DialogType":"Regular","MessageNodes":[{"BotMessageId":"44ee3807-782b-44ee-9364-020bbe02d6ff","NodeType":"BotMessageNode","Id":"06e5f14f-6f15-437e-97a8-c42ab2a6545f","Routes":[],"DefaultTargetNodeId":"0c9e8445-e20f-4395-a9ed-fdd0f3a0737b"},{"BotMessageId":"02e7eadb-2e47-48cc-9eb5-349d5192d875","NodeType":"BotMessageNode","Id":"0c9e8445-e20f-4395-a9ed-fdd0f3a0737b","Routes":[],"DefaultTargetNodeId":"cb81190f-225f-4f05-b331-c95dfee965d5"},{"BotMessageId":"b5b20be6-72ca-4bd0-9fc3-af130dcdca58","NodeType":"BotMessageNode","Id":"cb81190f-225f-4f05-b331-c95dfee965d5","Routes":[],"DefaultTargetNodeId":"c7de359d-3d75-4f7c-a28d-05d1dbc4aaf7"},{"BotMessageId":"2a955908-eace-42a1-add8-efbb70ff7ab6","NodeType":"BotMessageNode","Id":"c7de359d-3d75-4f7c-a28d-05d1dbc4aaf7","Routes":[],"DefaultTargetNodeId":"4e5df09c-33f1-46d3-aff8-b537e17174e1"},{"BotMessageId":"cf149509-7aa4-45bb-ab48-2d9b21ab15a1","NodeType":"BotMessageNode","Id":"4e5df09c-33f1-46d3-aff8-b537e17174e1","Routes":[],"DefaultTargetNodeId":"dcd44733-eb84-4252-b611-ba0d97027e70"}],"ActionNodes":[],"DialogChangeNodes":[{"TargetDialogId":"new_topic_c5b1300f0a6fef11a6706045bd399600_aeabea4d071f415c8c107e1cb7af5424_assumedsuccess","NodeType":"DialogChangeNode","InputParameterVariableIdMap":{},"OutputExpressionVariableIds":[],"Id":"dcd44733-eb84-4252-b611-ba0d97027e70","Routes":[],"DefaultTargetNodeId":null}],"QuestionNodes":[],"AgentTransferNodes":[],"LoginNodes":[],"Id":"new_topic_d6d4a2b79c8c458f98f1005b77c51431","DisplayName":"Sin título","Description":null,"ShareContext":{},"CreatedTime":"2024-09-10T13:44:04.873955Z","UpdatedTime":"2024-09-25T13:25:25.9546276Z","CreatedUserId":"29634af8-da96-4704-8cf0-ca1980816fdc","UpdatedUserId":"29634af8-da96-4704-8cf0-ca1980816fdc","IsManaged":false,"IsCustomizable":true,"Etag":"W/\"667139\"","VersionNumber":0,"ComponentId":"00000000-0000-0000-0000-000000000000"}],"ObiDialogs":[],"DialogSchemas":[],"BotMessages":[{"ChannelContent":{"web":{"ContentFormat":"Markdown","Content":"Para asegurarte de que tu liquidación de sueldo sea correcta y esté acorde a lo trabajado durante el periodo, te recomendamos seguir los siguientes pasos."}},"Id":"44ee3807-782b-44ee-9364-020bbe02d6ff","DisplayName":null,"Description":null,"ShareContext":{},"CreatedTime":"2024-09-10T13:41:52.545Z","UpdatedTime":"2024-09-10T13:41:52.545Z","CreatedUserId":null,"UpdatedUserId":null,"IsManaged":false,"IsCustomizable":true,"Etag":"W/\"667139\"","VersionNumber":0,"ComponentId":"00000000-0000-0000-0000-000000000000"},{"ChannelContent":{"web":{"ContentFormat":"Markdown","Content":"**Verificación en ADP**:  \n  \nDebes revisar tu liquidación de sueldo en la plataforma ADP y verificar que el cálculo del sueldo base, gratificación y bonificaciones son respecto a días hábiles trabajados."}},"Id":"02e7eadb-2e47-48cc-9eb5-349d5192d875","DisplayName":null,"Description":null,"ShareContext":{},"CreatedTime":"2024-09-11T16:52:18.544Z","UpdatedTime":"2024-09-11T16:52:18.544Z","CreatedUserId":"user-0","UpdatedUserId":"user-0","IsManaged":false,"IsCustomizable":true,"Etag":"W/\"667139\"","VersionNumber":0,"ComponentId":"00000000-0000-0000-0000-000000000000"},{"ChannelContent":{"web":{"ContentFormat":"Markdown","Content":"**Impacto de ausencias**:\n\nRecuerda que si tuviste ausencias, licencias, atrasos o vacaciones, todos estos valores se verán alterados en tu liquidación de sueldo."}},"Id":"b5b20be6-72ca-4bd0-9fc3-af130dcdca58","DisplayName":null,"Description":null,"ShareContext":{},"CreatedTime":"2024-09-11T16:52:53.332Z","UpdatedTime":"2024-09-11T16:52:53.332Z","CreatedUserId":"user-0","UpdatedUserId":"user-0","IsManaged":false,"IsCustomizable":true,"Etag":"W/\"667139\"","VersionNumber":0,"ComponentId":"00000000-0000-0000-0000-000000000000"},{"ChannelContent":{"web":{"ContentFormat":"Markdown","Content":"**Consulta con líderes**:\n\nPuedes consultar directamente con tus líderes, supervisores o jefaturas para recibir retroalimentación sobre tu liquidación de sueldo."}},"Id":"2a955908-eace-42a1-add8-efbb70ff7ab6","DisplayName":null,"Description":null,"ShareContext":{},"CreatedTime":"2024-09-11T16:52:57.685Z","UpdatedTime":"2024-09-11T16:52:57.685Z","CreatedUserId":"user-0","UpdatedUserId":"user-0","IsManaged":false,"IsCustomizable":true,"Etag":"W/\"667139\"","VersionNumber":0,"ComponentId":"00000000-0000-0000-0000-000000000000"},{"ChannelContent":{"web":{"ContentFormat":"Markdown","Content":"**Solicitudes en JIRA**:\n\nPor la plataforma [JIRA](https://verisure.sharepoint.com/sites/Group-Intra-CL), puedes subir un ticket para ser asistido desde otra área si necesitas ayuda adicional."}},"Id":"cf149509-7aa4-45bb-ab48-2d9b21ab15a1","DisplayName":null,"Description":null,"ShareContext":{},"CreatedTime":"2024-09-11T16:53:01.3Z","UpdatedTime":"2024-09-11T16:53:01.3Z","CreatedUserId":"user-0","UpdatedUserId":"user-0","IsManaged":false,"IsCustomizable":true,"Etag":"W/\"667139\"","VersionNumber":0,"ComponentId":"00000000-0000-0000-0000-000000000000"}],"ActionDefinitions":[],"LoginActions":[],"ContextVariables":[],"Skills":[],"CreatedUtc":"0001-01-01T00:00:00","ComponentDeltaToken":null,"ClosedListTypes":[],"ExampleBasedTypes":[],"RegexTypes":[],"JsonTypes":[],"OpenListTypes":[],"SystemIntentIds":{},"SystemVariableIds":{},"SystemNamedEntityIds":{},"Configuration":{"categories":[],"channels":[],"settings":{},"publishOnCreate":false,"isLightweightBot":false},"ObiContent":{},"ObiTracingMetadata":null,"SchemaNameToComponentId":{}}