{"Version":null,"BotDisplayName":null,"AppInsightsInstrumentationKey":null,"AuthenticationMode":"Unspecified","AuthenticationTrigger":"AsNeeded","Intents":[{"kind":"Default","EndUserOverrideName":"Reliquidación por pago incorrecto","AvailableInChannels":[],"SystemIntentTypes":[],"extractVariableIds":[],"confirmVariableIds":[],"IntentType":"Regular","TriggerQueries":["¿Cómo puedo solicitar la reliquidación de una remuneración mal pagada con evidencias?","¿Qué pasos debo seguir para pedir la reliquidación de una paga incorrecta con pruebas?","¿Cómo presentar una solicitud de reliquidación por un salario mal pagado con evidencias?","¿Cómo puedo gestionar la reliquidación de una remuneración mal abonada con evidencias?","¿Qué hacer para pedir la reliquidación de una remuneración errónea respaldada por pruebas?","¿Cómo proceder para solicitar la reliquidación de un salario mal pagado con evidencias documentales?","¿Dónde puedo presentar una solicitud de reliquidación por una paga mal liquidada con pruebas?","¿Qué debo hacer para que se reliquide una remuneración mal pagada con evidencia clara?","¿Cómo puedo formalizar una solicitud de reliquidación por una remuneración errónea con pruebas?","¿Qué pasos seguir para iniciar la reliquidación de una remuneración mal pagada con respaldo documental?","¿Qué debo hacer para solicitar la corrección de una remuneración mal pagada con evidencias?","¿Cómo puedo iniciar el trámite de reliquidación por una remuneración errónea, presentando pruebas?","¿Cómo puedo solicitar la reliquidación de una remuneración incorrecta con documentación de respaldo?","¿Qué pasos seguir para pedir la reliquidación de un salario mal abonado con pruebas adjuntas?","¿Cómo puedo gestionar la reliquidación de una paga incorrecta aportando evidencias?","¿Qué debo hacer para iniciar la solicitud de reliquidación de un salario mal pagado con pruebas?","¿Cómo se tramita una solicitud de reliquidación por una paga mal realizada con evidencias?","¿Qué acciones debo tomar para pedir la reliquidación de una remuneración incorrecta con pruebas?","¿Cómo presentar una solicitud de reliquidación de una paga incorrecta con evidencia documental?","¿Qué pasos debo seguir para pedir la reliquidación de un salario mal pagado con respaldo documental?","¿Cómo puedo presentar una solicitud de reliquidación por un pago salarial mal realizado con evidencias?","¿Qué hacer para iniciar la reliquidación de una remuneración mal pagada con pruebas?","¿Cómo puedo gestionar una reliquidación de salario incorrecto, adjuntando evidencias claras?","¿Cómo proceder para solicitar la reliquidación de una remuneración mal abonada con respaldo documental?","¿Qué debo hacer si quiero solicitar una reliquidación por un pago salarial incorrecto con pruebas?","¿Cómo iniciar una solicitud de reliquidación de una paga mal pagada con evidencia?","¿Qué pasos seguir para gestionar la reliquidación de una remuneración incorrecta con pruebas?","¿Cómo puedo formalizar una solicitud de reliquidación de una paga incorrecta con respaldo documental?","¿Qué debo hacer para presentar una solicitud de reliquidación por una remuneración mal pagada con evidencias?","¿Cómo solicitar la reliquidación de un salario mal abonado presentando pruebas?","¿Qué pasos debo seguir para iniciar la reliquidación de una remuneración mal liquidada con evidencias claras?","¿Cómo puedo solicitar la reliquidación de una paga mal realizada con pruebas documentales?","¿Cómo iniciar el proceso de reliquidación de una remuneración incorrecta aportando evidencias?","¿Qué acciones debo tomar para pedir la reliquidación de una remuneración incorrecta con respaldo documental?","¿Cómo puedo tramitar la reliquidación de una paga incorrecta con evidencias presentadas?","¿Qué debo hacer para gestionar la reliquidación de una remuneración mal pagada con pruebas?","¿Cómo presentar una solicitud formal para la reliquidación de un salario mal abonado con evidencias?","¿Qué pasos debo seguir para pedir la reliquidación de una remuneración errónea presentando pruebas?","¿Cómo puedo gestionar la reliquidación de un pago salarial incorrecto aportando evidencias?","¿Qué hacer para solicitar la reliquidación de una remuneración mal pagada con respaldo documental?"],"DialogId":"new_topic_84f67c4534bf4c22b68ebeca4eeb4d3c","IsTriggeringEnabled":true,"CanTriggeringBeDisabled":true,"category":null,"Id":"new_topic_84f67c4534bf4c22b68ebeca4eeb4d3c","DisplayName":"Reliquidación por pago incorrecto","Description":"Reliquidación de una remuneración mal pagada","ShareContext":{},"CreatedTime":"2024-09-10T16:06:07.2942003Z","UpdatedTime":"2024-09-25T14:03:04.7414508Z","CreatedUserId":"d9dbef25-8725-4cad-9128-9be1542a720c","UpdatedUserId":"29634af8-da96-4704-8cf0-ca1980816fdc","IsManaged":false,"IsCustomizable":true,"Etag":"W/\"666551\"","VersionNumber":0,"ComponentId":"00000000-0000-0000-0000-000000000000"}],"ObiIntents":[],"NamedEntities":[],"Dialogs":[{"RootNodeId":"43c27278-e067-4fa7-9266-2d7d4bffdd97","DialogType":"Regular","MessageNodes":[{"BotMessageId":"f8d2ddbf-482f-4b0a-b197-9ef5a8390e57","NodeType":"BotMessageNode","Id":"43c27278-e067-4fa7-9266-2d7d4bffdd97","Routes":[],"DefaultTargetNodeId":"700440e4-c96f-4b24-bacc-a33f7f4007ef"},{"BotMessageId":"5aeaf8ab-a56e-46bc-ab09-af8b93d40ec3","NodeType":"BotMessageNode","Id":"700440e4-c96f-4b24-bacc-a33f7f4007ef","Routes":[],"DefaultTargetNodeId":"dfb8b556-b4d1-44fb-a4b1-16c457d451b7"},{"BotMessageId":"8efba7e6-d834-4699-81a9-f8e971001eab","NodeType":"BotMessageNode","Id":"dfb8b556-b4d1-44fb-a4b1-16c457d451b7","Routes":[],"DefaultTargetNodeId":"6eb58d59-6d8b-4c69-8476-6d75ea47a5fb"}],"ActionNodes":[],"DialogChangeNodes":[{"TargetDialogId":"new_topic_c5b1300f0a6fef11a6706045bd399600_aeabea4d071f415c8c107e1cb7af5424_assumedsuccess","NodeType":"DialogChangeNode","InputParameterVariableIdMap":{},"OutputExpressionVariableIds":[],"Id":"6eb58d59-6d8b-4c69-8476-6d75ea47a5fb","Routes":[],"DefaultTargetNodeId":null}],"QuestionNodes":[],"AgentTransferNodes":[],"LoginNodes":[],"Id":"new_topic_84f67c4534bf4c22b68ebeca4eeb4d3c","DisplayName":"Untitled","Description":null,"ShareContext":{},"CreatedTime":"2024-09-10T16:06:07.2941981Z","UpdatedTime":"2024-09-25T14:03:04.7414501Z","CreatedUserId":"d9dbef25-8725-4cad-9128-9be1542a720c","UpdatedUserId":"29634af8-da96-4704-8cf0-ca1980816fdc","IsManaged":false,"IsCustomizable":true,"Etag":"W/\"666551\"","VersionNumber":0,"ComponentId":"00000000-0000-0000-0000-000000000000"}],"ObiDialogs":[],"DialogSchemas":[],"BotMessages":[{"ChannelContent":{"web":{"ContentFormat":"Markdown","Content":"Si tienes el respaldo de que tu remuneración no fue bien pagada, asegúrate de tener todos los documentos y pruebas necesarias. Luego, sigue el siguiente paso."}},"Id":"f8d2ddbf-482f-4b0a-b197-9ef5a8390e57","DisplayName":null,"Description":null,"ShareContext":{},"CreatedTime":"2024-09-10T15:52:27.458Z","UpdatedTime":"2024-09-10T15:52:27.458Z","CreatedUserId":null,"UpdatedUserId":null,"IsManaged":false,"IsCustomizable":true,"Etag":"W/\"666551\"","VersionNumber":0,"ComponentId":"00000000-0000-0000-0000-000000000000"},{"ChannelContent":{"web":{"ContentFormat":"Markdown","Content":"Para solicitar la reliquidación, crea un ticket en la plataforma JIRA informando del error en tu remuneración y adjunta todas las evidencias y documentos que respalden tu solicitud."}},"Id":"5aeaf8ab-a56e-46bc-ab09-af8b93d40ec3","DisplayName":null,"Description":null,"ShareContext":{},"CreatedTime":"2024-09-12T19:41:53.063Z","UpdatedTime":"2024-09-12T19:41:53.063Z","CreatedUserId":"user-0","UpdatedUserId":"user-0","IsManaged":false,"IsCustomizable":true,"Etag":"W/\"666551\"","VersionNumber":0,"ComponentId":"00000000-0000-0000-0000-000000000000"},{"ChannelContent":{"web":{"ContentFormat":"Markdown","Content":"De esta forma, tu solicitud podrá ser revisada y atendida por un ejecutivo de Verisure."}},"Id":"8efba7e6-d834-4699-81a9-f8e971001eab","DisplayName":null,"Description":null,"ShareContext":{},"CreatedTime":"2024-09-12T19:48:48.815Z","UpdatedTime":"2024-09-12T19:48:48.815Z","CreatedUserId":"user-0","UpdatedUserId":"user-0","IsManaged":false,"IsCustomizable":true,"Etag":"W/\"666551\"","VersionNumber":0,"ComponentId":"00000000-0000-0000-0000-000000000000"}],"ActionDefinitions":[],"LoginActions":[],"ContextVariables":[],"Skills":[],"CreatedUtc":"0001-01-01T00:00:00","ComponentDeltaToken":null,"ClosedListTypes":[],"ExampleBasedTypes":[],"RegexTypes":[],"JsonTypes":[],"OpenListTypes":[],"SystemIntentIds":{},"SystemVariableIds":{},"SystemNamedEntityIds":{},"Configuration":{"categories":[],"channels":[],"settings":{},"publishOnCreate":false,"isLightweightBot":false},"ObiContent":{},"ObiTracingMetadata":null,"SchemaNameToComponentId":{}}