<botcomponent schemaname="cre0e_pruebaChatBotVerisurePrivada.topic.Goodbye">
  <componenttype>9</componenttype>
  <description>Este tema se desencadena cuando el usuario se despide. De forma predeterminada, no finaliza la conversación. Si desea finalizar la conversación cuando el usuario se despida, puede agregar una acción "Fin de la conversación" a este tema o redirigir al tema del sistema "Fin de la conversación".</description>
  <iscustomizable>0</iscustomizable>
  <name>Despedida</name>
  <parentbotid>
    <schemaname>cre0e_pruebaChatBotVerisurePrivada</schemaname>
  </parentbotid>
  <statecode>0</statecode>
  <statuscode>1</statuscode>
</botcomponent>