<botcomponent schemaname="cre0e_pruebaChatBotVerisurePrivada.knowledge.httpswwwverisurecl_I3LtA3VKC_IAAEq3omTRp">
  <componenttype>16</componenttype>
  <description>This knowledge source searches information on the web found in https://www.verisure.cl/ website</description>
  <iscustomizable>0</iscustomizable>
  <name>https://www.verisure.cl/</name>
  <parentbotid>
    <schemaname>cre0e_pruebaChatBotVerisurePrivada</schemaname>
  </parentbotid>
  <statecode>0</statecode>
  <statuscode>1</statuscode>
</botcomponent>