<botcomponent schemaname="cre0e_pruebaChatBotVerisurePrivada.knowledge.httpswwwverisureclconsejosyayuda_VaHuB3umkSRWvuCURaN6X">
  <componenttype>16</componenttype>
  <description>This knowledge source searches information on the web found in https://www.verisure.cl/consejos-y-ayuda website</description>
  <iscustomizable>0</iscustomizable>
  <name>https://www.verisure.cl/consejos-y-ayuda</name>
  <parentbotid>
    <schemaname>cre0e_pruebaChatBotVerisurePrivada</schemaname>
  </parentbotid>
  <statecode>0</statecode>
  <statuscode>1</statuscode>
</botcomponent>