{"Version":null,"BotDisplayName":null,"AppInsightsInstrumentationKey":null,"AuthenticationMode":"Unspecified","AuthenticationTrigger":"AsNeeded","Intents":[{"kind":"Default","EndUserOverrideName":"Saldo Edenred menor al indicado","AvailableInChannels":[],"SystemIntentTypes":[],"extractVariableIds":[],"confirmVariableIds":[],"IntentType":"Regular","TriggerQueries":["Mi tarjeta Edenred tiene menos saldo de lo que debería, ¿a quién contacto?","¿Por qué el saldo de mi tarjeta Edenred no es el mismo que el de meses anteriores?","El saldo de mi tarjeta Edenred no es el que me indicaron, ¿cómo lo reclamo?","Tengo menos saldo en mi tarjeta Edenred este mes, ¿qué hago?","¿Cómo reclamar si me cargaron menos saldo en mi tarjeta Edenred?","El monto en mi tarjeta Edenred es más bajo que lo indicado, ¿qué debo hacer?","¿Por qué no recibí el saldo completo en mi tarjeta Edenred?","El saldo de mi tarjeta Edenred es inferior al prometido, ¿cómo lo resuelvo?","Me falta saldo en mi tarjeta Edenred, ¿cómo lo reclamo?","Este mes mi tarjeta Edenred tiene menos saldo del que debería, ¿cómo procedo?","El saldo de mi tarjeta Edenred es menor de lo acordado, ¿cómo lo soluciono?","Mi tarjeta Edenred tiene menos saldo de lo que esperaba, ¿qué puedo hacer?","¿Por qué mi tarjeta Edenred tiene menos saldo este mes?","Mi tarjeta Edenred tiene menos saldo del que me informaron, ¿cómo lo corrijo?","¿Qué hago si no recibí el saldo completo en mi tarjeta Edenred?","El saldo cargado en mi tarjeta Edenred es más bajo de lo esperado, ¿qué hago?","¿Por qué me cargaron menos saldo en la tarjeta Edenred que en otros meses?","Tengo menos saldo del que me indicaron en mi tarjeta Edenred, ¿cómo reclamo?","¿Qué hacer si el saldo de mi tarjeta Edenred es menor al que se me prometió?","Me cargaron menos dinero en mi tarjeta Edenred de lo esperado, ¿cómo lo resuelvo?","Ayuda, el saldo de mi tarjeta Edenred es menor al esperado","Necesito ayuda, el saldo de mi tarjeta Edenred es menor al de otros meses","Mi tarjeta Edenred tiene menos saldo del que me prometieron, ¿a quién contacto?","Soporte para saldo menor en mi tarjeta Edenred","Me cargaron menos saldo en mi tarjeta Edenred, ¿cómo pido ayuda?","El saldo de mi tarjeta Edenred es menor al de otros meses, ¿cómo solicitar soporte?","¿Cómo pedir ayuda si mi tarjeta Edenred tiene menos saldo de lo indicado?","Ayuda, el saldo en mi tarjeta Edenred es menor al de otros meses","¿Cómo puedo pedir asistencia para un saldo incorrecto en mi tarjeta Edenred?","El saldo en mi tarjeta Edenred es inferior a lo prometido, necesito soporte","Soporte, mi tarjeta Edenred tiene menos saldo que lo informado","Necesito asistencia porque mi tarjeta Edenred tiene menos saldo que lo indicado","¿Qué hacer si el saldo de mi tarjeta Edenred es menor que lo indicado?","¿Por qué el saldo de mi tarjeta Edenred es menor al de otros meses?","¿Cómo proceder si el saldo de mi tarjeta Edenred no coincide con lo informado?","¿Cómo solucionar si me cargaron menos saldo en mi tarjeta Edenred?","¿Qué hago si el saldo de mi tarjeta Edenred es menor al que me prometieron?","El saldo de mi tarjeta Edenred no corresponde a lo que me dijeron, ¿qué hago?","¿Por qué mi tarjeta Edenred tiene menos saldo de lo que me dijeron en la inducción?","El saldo cargado en mi tarjeta Edenred es menor al esperado, ¿cómo puedo reclamar?","¿Qué hago si mi tarjeta Edenred tiene menos saldo que el de otros meses?","¿Cómo reclamar si mi tarjeta Edenred tiene menos saldo que lo prometido?","El saldo de mi tarjeta Edenred no coincide con lo esperado, ¿cómo lo soluciono?","¿Por qué el saldo de mi tarjeta Edenred es menor de lo que me indicaron?","El saldo de mi tarjeta Edenred es menor que el de otros meses, ¿qué hago?","Mi tarjeta Edenred tiene menos saldo que el que me dijeron en la inducción, ¿qué hago?","¿Por qué el saldo de mi tarjeta Edenred es menor este mes?","Me cargaron menos saldo en mi tarjeta Edenred, ¿cómo lo soluciono?","El saldo en mi tarjeta Edenred no coincide con lo indicado en la inducción, ¿qué hago?","Este mes mi tarjeta Edenred tiene menos saldo de lo habitual, ¿qué puedo hacer?","El saldo en mi tarjeta Edenred es menor al esperado, ¿qué debo hacer?","¿Por qué mi tarjeta Edenred tiene menos saldo que el que me dijeron?","El saldo cargado en mi tarjeta Edenred es menor al que debería ser, ¿cómo lo resuelvo?","¿Qué hacer si mi tarjeta Edenred tiene menos saldo que el de otros meses?","Me cargaron menos saldo en mi tarjeta Edenred de lo que esperaba, ¿qué hago?","El saldo de mi tarjeta Edenred es menor al que me indicaron, ¿cómo lo arreglo?"],"DialogId":"new_topic_a912889460e74a158cda8f1191e0febc","IsTriggeringEnabled":true,"CanTriggeringBeDisabled":true,"category":null,"Id":"new_topic_a912889460e74a158cda8f1191e0febc","DisplayName":"Saldo Edenred menor al indicado","Description":"Tópico dirigido a responder la consulta frecuente del colaborador en caso de que su saldo de tarjeta edenred sea menor al indicado o el anteriormente entregado.","ShareContext":{},"CreatedTime":"2024-09-10T14:45:42.3770435Z","UpdatedTime":"2024-09-25T13:37:49.8406329Z","CreatedUserId":"29634af8-da96-4704-8cf0-ca1980816fdc","UpdatedUserId":"29634af8-da96-4704-8cf0-ca1980816fdc","IsManaged":false,"IsCustomizable":true,"Etag":"W/\"666434\"","VersionNumber":0,"ComponentId":"00000000-0000-0000-0000-000000000000"}],"ObiIntents":[],"NamedEntities":[],"Dialogs":[{"RootNodeId":"a868752c-7be6-4b70-aa18-a47e6ea00f4e","DialogType":"Regular","MessageNodes":[{"BotMessageId":"5f349e2e-1624-4474-b5d0-562174ab9523","NodeType":"BotMessageNode","Id":"a868752c-7be6-4b70-aa18-a47e6ea00f4e","Routes":[],"DefaultTargetNodeId":"86d95365-0edb-4424-aed4-819e50a56abf"},{"BotMessageId":"346187c8-1a63-416a-b093-29bee4b0a235","NodeType":"BotMessageNode","Id":"86d95365-0edb-4424-aed4-819e50a56abf","Routes":[],"DefaultTargetNodeId":"8a000730-b2b1-44a7-8dff-fbdaec717839"},{"BotMessageId":"64bc8de9-cb7c-4200-ac26-a1bc665046f4","NodeType":"BotMessageNode","Id":"8a000730-b2b1-44a7-8dff-fbdaec717839","Routes":[],"DefaultTargetNodeId":"22de9721-3bbe-49a5-b581-44ce963a0022"},{"BotMessageId":"fe1909fc-b5cc-44fc-a382-0b49300f6dd4","NodeType":"BotMessageNode","Id":"22de9721-3bbe-49a5-b581-44ce963a0022","Routes":[],"DefaultTargetNodeId":"0680ddd6-7f99-42dd-9709-b91e521068f0"},{"BotMessageId":"c701e760-6dc6-4802-ae70-eeb75d739968","NodeType":"BotMessageNode","Id":"0680ddd6-7f99-42dd-9709-b91e521068f0","Routes":[],"DefaultTargetNodeId":"c4ead56d-8813-4245-8367-5f9289ae4db4"}],"ActionNodes":[],"DialogChangeNodes":[{"TargetDialogId":"new_topic_c5b1300f0a6fef11a6706045bd399600_aeabea4d071f415c8c107e1cb7af5424_assumedsuccess","NodeType":"DialogChangeNode","InputParameterVariableIdMap":{},"OutputExpressionVariableIds":[],"Id":"c4ead56d-8813-4245-8367-5f9289ae4db4","Routes":[],"DefaultTargetNodeId":null}],"QuestionNodes":[],"AgentTransferNodes":[],"LoginNodes":[],"Id":"new_topic_a912889460e74a158cda8f1191e0febc","DisplayName":"Sin título","Description":null,"ShareContext":{},"CreatedTime":"2024-09-10T14:45:42.3770426Z","UpdatedTime":"2024-09-25T13:37:49.8406323Z","CreatedUserId":"29634af8-da96-4704-8cf0-ca1980816fdc","UpdatedUserId":"29634af8-da96-4704-8cf0-ca1980816fdc","IsManaged":false,"IsCustomizable":true,"Etag":"W/\"666434\"","VersionNumber":0,"ComponentId":"00000000-0000-0000-0000-000000000000"}],"ObiDialogs":[],"DialogSchemas":[],"BotMessages":[{"ChannelContent":{"web":{"ContentFormat":"Markdown","Content":"**Información importante sobre tu saldo y depósitos:**\n\nAl momento de revisar tu saldo, es crucial que tengas en cuenta ciertos factores que pueden afectar el monto que será depositado este mes. A continuación, te explicamos en detalle cómo funciona el proceso y qué situaciones podrían impactar el total a recibir:"}},"Id":"5f349e2e-1624-4474-b5d0-562174ab9523","DisplayName":null,"Description":null,"ShareContext":{},"CreatedTime":"2024-09-10T14:43:55.376Z","UpdatedTime":"2024-09-10T14:43:55.376Z","CreatedUserId":null,"UpdatedUserId":null,"IsManaged":false,"IsCustomizable":true,"Etag":"W/\"666434\"","VersionNumber":0,"ComponentId":"00000000-0000-0000-0000-000000000000"},{"ChannelContent":{"web":{"ContentFormat":"Markdown","Content":"**1.- Cálculo proporcional de saldo**\n\nEl saldo depositado este mes se calcula de manera proporcional con respecto al mes anterior de trabajo. Esto significa que el monto puede variar dependiendo de tu asistencia y otros factores.\n\n*   **Ausencias y licencias:** Si durante el mes anterior tuviste ausencias, ya sea por días no trabajados, licencias médicas, u otras razones justificadas, es posible que estos días sean descontados del total que se te depositará este mes.\n*   **Vacaciones:** De manera similar, si tomaste vacaciones el mes anterior, el monto correspondiente será ajustado y se reflejará en el saldo a deposita. Este ajuste se realiza para garantizar que solo se te pague por los días efectivamente trabajados."}},"Id":"346187c8-1a63-416a-b093-29bee4b0a235","DisplayName":null,"Description":null,"ShareContext":{},"CreatedTime":"2024-09-12T12:29:57.13Z","UpdatedTime":"2024-09-12T12:29:57.13Z","CreatedUserId":"user-0","UpdatedUserId":"user-0","IsManaged":false,"IsCustomizable":true,"Etag":"W/\"666434\"","VersionNumber":0,"ComponentId":"00000000-0000-0000-0000-000000000000"},{"ChannelContent":{"web":{"ContentFormat":"Markdown","Content":"**2.- Contratos a plazo fijo**\n\nSi tu contrato es a **plazo fijo**, el monto depositado cubrirá únicamente el período que abarca hasta la fecha de vencimiento de tu contrato actual. Esto significa que el saldo será calculado hasta el último día de vigencia del contrato, por lo que no recibirás el monto completo del mes si el contrato vence antes de finalizarlo.\n\n*   **Renovación del contrato:** En el caso de que tu contrato sea renovado, el monto restante del saldo (que no fue depositado antes del vencimiento) será liberado el **día hábil siguiente** a la renovación. Esto garantiza que recibirás el saldo correspondiente a todo el período de trabajo, sin interrupciones.\n*   **Nota:** Si aún no te han informado sobre la renovación de tu contrato y estás cerca de la fecha de vencimiento, te recomendamos consultar con el departamento de recursos humanos para obtener más información sobre tu situación."}},"Id":"64bc8de9-cb7c-4200-ac26-a1bc665046f4","DisplayName":null,"Description":null,"ShareContext":{},"CreatedTime":"2024-09-12T12:34:35.353Z","UpdatedTime":"2024-09-12T12:34:35.353Z","CreatedUserId":"user-0","UpdatedUserId":"user-0","IsManaged":false,"IsCustomizable":true,"Etag":"W/\"666434\"","VersionNumber":0,"ComponentId":"00000000-0000-0000-0000-000000000000"},{"ChannelContent":{"web":{"ContentFormat":"Markdown","Content":"**3.- Otros casos y soporte adicional**\n\nSi no te encuentras en ninguno de los casos anteriores (ausencias, licencias, vacaciones, o contrato a plazo fijo) y aún tienes dudas o inconvenientes con tu saldo, te recomendamos subir un ticket a la plataforma [**JIRA**](https://verisure.sharepoint.com/sites/Group-Intra-CL)\n\n*   **Cómo hacerlo:** Ingresa a JIRA siguiendo el enlace proporcionado en la intranet corporativa, y crea un ticket detallando tu situación. Asegúrate de incluir toda la información relevante, como tu nombre, número de empleado, y cualquier documentación que pueda ayudar a resolver el problema con mayor rapidez.\n*   **Tiempo de respuesta**: El equipo de soporte revisará tu solicitud y te proporcionará una respuesta a la brevedad posible. Recibirás una notificación en cuanto tu caso sea revisado y resuelto."}},"Id":"fe1909fc-b5cc-44fc-a382-0b49300f6dd4","DisplayName":null,"Description":null,"ShareContext":{},"CreatedTime":"2024-09-12T12:38:12.803Z","UpdatedTime":"2024-09-12T12:38:12.803Z","CreatedUserId":"user-0","UpdatedUserId":"user-0","IsManaged":false,"IsCustomizable":true,"Etag":"W/\"666434\"","VersionNumber":0,"ComponentId":"00000000-0000-0000-0000-000000000000"},{"ChannelContent":{"web":{"ContentFormat":"Markdown","Content":"**Recuerda que siempre puedes contactar al equipo de recursos humanos si necesitas más aclaraciones o si tienes preguntas adicionales sobre tu saldo o el proceso de depósito. ¡Estamos aquí para ayudarte!**"}},"Id":"c701e760-6dc6-4802-ae70-eeb75d739968","DisplayName":null,"Description":null,"ShareContext":{},"CreatedTime":"2024-09-12T12:41:39.156Z","UpdatedTime":"2024-09-12T12:41:39.156Z","CreatedUserId":"user-0","UpdatedUserId":"user-0","IsManaged":false,"IsCustomizable":true,"Etag":"W/\"666434\"","VersionNumber":0,"ComponentId":"00000000-0000-0000-0000-000000000000"}],"ActionDefinitions":[],"LoginActions":[],"ContextVariables":[],"Skills":[],"CreatedUtc":"0001-01-01T00:00:00","ComponentDeltaToken":null,"ClosedListTypes":[],"ExampleBasedTypes":[],"RegexTypes":[],"JsonTypes":[],"OpenListTypes":[],"SystemIntentIds":{},"SystemVariableIds":{},"SystemNamedEntityIds":{},"Configuration":{"categories":[],"channels":[],"settings":{},"publishOnCreate":false,"isLightweightBot":false},"ObiContent":{},"ObiTracingMetadata":null,"SchemaNameToComponentId":{}}