{"Version":null,"BotDisplayName":null,"AppInsightsInstrumentationKey":null,"AuthenticationMode":"Unspecified","AuthenticationTrigger":"AsNeeded","Intents":[{"kind":"Default","EndUserOverrideName":"Tarjeta Edenred no cargada","AvailableInChannels":[],"SystemIntentTypes":[],"extractVariableIds":[],"confirmVariableIds":[],"IntentType":"Regular","TriggerQueries":["Ayuda, no han cargado mi tarjeta Edenred este mes","Necesito ayuda, no recibí saldo en mi tarjeta Edenred este mes","Este mes no he recibido la carga en mi tarjeta Edenred, ¿a quién contacto?","Soporte para falta de carga en mi tarjeta Edenred este mes","Mi tarjeta Edenred no fue cargada este mes, ¿cómo pido ayuda?","Necesito soporte, no recibí saldo en mi tarjeta Edenred este mes","¿Cómo pedir ayuda si mi tarjeta Edenred no fue cargada este mes?","Ayuda, no tengo saldo en mi tarjeta Edenred este mes","¿Cómo puedo pedir asistencia para la carga de mi tarjeta Edenred?","No tengo saldo en mi tarjeta Edenred este mes, necesito soporte","Soporte, mi tarjeta Edenred no ha sido cargada este mes","Necesito asistencia porque mi tarjeta Edenred no fue cargada este mes","¿Por qué no me han cargado saldo en la tarjeta Edenred este mes?","¿Qué puedo hacer si no han cargado mi tarjeta Edenred este mes?","¿Qué hago si no recibí la carga en mi tarjeta Edenred este mes?","¿Cómo solucionar la falta de carga en mi tarjeta Edenred este mes?","¿Por qué mi tarjeta Edenred no ha recibido saldo este mes?","No me han depositado saldo en mi tarjeta Edenred este mes, ¿qué hago?","Este mes mi tarjeta Edenred no fue cargada, ¿cómo procedo?","¿Qué hacer si este mes no cargaron mi tarjeta Edenred?","No me han hecho la carga en la tarjeta Edenred, ¿qué hago?","¿Por qué no he recibido saldo en mi tarjeta Edenred este mes?","Mi tarjeta Edenred no recibió saldo este mes, ¿cómo puedo resolverlo?","¿Qué hago si no se ha depositado saldo en mi tarjeta Edenred este mes?","Mi tarjeta Edenred no ha sido cargada este mes, ¿qué hago?","No se ha cargado saldo en mi tarjeta Edenred este mes, ¿cómo lo soluciono?","¿Qué hacer si no han cargado mi tarjeta Edenred este mes?","Este mes no recibí carga en mi tarjeta Edenred, ¿qué hago?","¿Por qué no me han cargado la tarjeta Edenred este mes?","No he recibido saldo en mi tarjeta Edenred, ¿qué puedo hacer?","Mi tarjeta Edenred no tiene saldo este mes, ¿qué hago?","No tengo saldo en mi tarjeta Edenred este mes, ¿cómo lo resuelvo?","¿Qué pasa si no recibí saldo en mi tarjeta Edenred este mes?","Este mes no se ha cargado mi tarjeta Edenred, ¿qué debo hacer?","No veo saldo en mi tarjeta Edenred este mes, ¿qué debo hacer?","Mi tarjeta Edenred no ha sido recargada este mes, ¿cómo lo arreglo?"],"DialogId":"new_topic_0e6021c50a4a423ea531df40d40e6267","IsTriggeringEnabled":true,"CanTriggeringBeDisabled":true,"category":null,"Id":"new_topic_0e6021c50a4a423ea531df40d40e6267","DisplayName":"Tarjeta Edenred no cargada","Description":"Tópico el cual esta dirigido a responder la consulta frecuente del colaborador, sobre que hacer si la tarjeta edenred no ha sido cargada durante el mes de la consulta.","ShareContext":{},"CreatedTime":"2024-09-10T13:49:52.6606635Z","UpdatedTime":"2024-09-25T13:26:17.9520196Z","CreatedUserId":"29634af8-da96-4704-8cf0-ca1980816fdc","UpdatedUserId":"29634af8-da96-4704-8cf0-ca1980816fdc","IsManaged":false,"IsCustomizable":true,"Etag":"W/\"666424\"","VersionNumber":0,"ComponentId":"00000000-0000-0000-0000-000000000000"}],"ObiIntents":[],"NamedEntities":[],"Dialogs":[{"RootNodeId":"faa21969-8675-44a1-9e0c-60fc4b33a6b8","DialogType":"Regular","MessageNodes":[{"BotMessageId":"323b923f-27c9-4e55-8b64-7b9eb6256717","NodeType":"BotMessageNode","Id":"faa21969-8675-44a1-9e0c-60fc4b33a6b8","Routes":[],"DefaultTargetNodeId":"961a3097-0d06-41e5-819e-d767b1d73942"},{"BotMessageId":"0badf1c5-9844-47c4-b7f1-9ed86ec2333c","NodeType":"BotMessageNode","Id":"961a3097-0d06-41e5-819e-d767b1d73942","Routes":[],"DefaultTargetNodeId":"4ca98b70-34b7-452e-a48b-694b21a26d76"},{"BotMessageId":"285b9780-b3d6-4233-928b-ba8de787c1a2","NodeType":"BotMessageNode","Id":"4ca98b70-34b7-452e-a48b-694b21a26d76","Routes":[],"DefaultTargetNodeId":"eec739b4-6306-4c0b-85d5-ea204e3e5761"},{"BotMessageId":"94a1f841-4b1c-4ebe-a014-8537a7daa447","NodeType":"BotMessageNode","Id":"eec739b4-6306-4c0b-85d5-ea204e3e5761","Routes":[],"DefaultTargetNodeId":"8f84af4f-b760-41bc-bfec-1c6abee0cb1c"},{"BotMessageId":"c28d63ed-93ca-410c-b179-46d264c4478a","NodeType":"BotMessageNode","Id":"8f84af4f-b760-41bc-bfec-1c6abee0cb1c","Routes":[],"DefaultTargetNodeId":"fd1fa33a-58c2-4b9d-84cf-04c6868c776f"}],"ActionNodes":[],"DialogChangeNodes":[{"TargetDialogId":"new_topic_c5b1300f0a6fef11a6706045bd399600_aeabea4d071f415c8c107e1cb7af5424_assumedsuccess","NodeType":"DialogChangeNode","InputParameterVariableIdMap":{},"OutputExpressionVariableIds":[],"Id":"fd1fa33a-58c2-4b9d-84cf-04c6868c776f","Routes":[],"DefaultTargetNodeId":null}],"QuestionNodes":[],"AgentTransferNodes":[],"LoginNodes":[],"Id":"new_topic_0e6021c50a4a423ea531df40d40e6267","DisplayName":"Sin título","Description":null,"ShareContext":{},"CreatedTime":"2024-09-10T13:49:52.660662Z","UpdatedTime":"2024-09-25T13:26:17.9520189Z","CreatedUserId":"29634af8-da96-4704-8cf0-ca1980816fdc","UpdatedUserId":"29634af8-da96-4704-8cf0-ca1980816fdc","IsManaged":false,"IsCustomizable":true,"Etag":"W/\"666424\"","VersionNumber":0,"ComponentId":"00000000-0000-0000-0000-000000000000"}],"ObiDialogs":[],"DialogSchemas":[],"BotMessages":[{"ChannelContent":{"web":{"ContentFormat":"Markdown","Content":"**Información sobre la carga de la tarjeta Edenred:**\n\nLa tarjeta **Edenred** es un beneficio importante que se carga mensualmente. A continuación, te explicamos el proceso y qué hacer en caso de que no se haya efectuado la carga de saldo:"}},"Id":"323b923f-27c9-4e55-8b64-7b9eb6256717","DisplayName":null,"Description":null,"ShareContext":{},"CreatedTime":"2024-09-10T13:48:09.412Z","UpdatedTime":"2024-09-10T13:48:09.412Z","CreatedUserId":null,"UpdatedUserId":null,"IsManaged":false,"IsCustomizable":true,"Etag":"W/\"666424\"","VersionNumber":0,"ComponentId":"00000000-0000-0000-0000-000000000000"},{"ChannelContent":{"web":{"ContentFormat":"Markdown","Content":"**1.- Fecha de carga de la tarjeta Edenred**\n\nLa tarjeta Edenred se carga de manera automática el **primer día hábil de cada mes.** Esto significa que el saldo correspondiente debería estar disponible para su uso en esa fecha.\n\n*   **Día hábil:** Es importante recordar que el primer día hábil del mes no puede coincidir con el primer día calendario, especialmente si el mes comienza en fin de semana o en días feriados. Asegúrate de verificar el calendario laboral para saber exactamente cuándo se espera la carga.\n*   **Consejo:** Si tienes dudas sobre qué día corresponde al primer día hábil de un mes en particular, puedes consultarlo en la intranet o directamente en tu departamento de recursos humanos."}},"Id":"0badf1c5-9844-47c4-b7f1-9ed86ec2333c","DisplayName":null,"Description":null,"ShareContext":{},"CreatedTime":"2024-09-13T12:47:00.39Z","UpdatedTime":"2024-09-13T12:47:00.39Z","CreatedUserId":"user-0","UpdatedUserId":"user-0","IsManaged":false,"IsCustomizable":true,"Etag":"W/\"666424\"","VersionNumber":0,"ComponentId":"00000000-0000-0000-0000-000000000000"},{"ChannelContent":{"web":{"ContentFormat":"Markdown","Content":"**2.- Qué hacer si la tarjeta no ha sido cargada**\n\nSi al llegar el primer día hábil del mes notas que la tarjeta **Edenred no ha sido cargada**, lo mejor es actuar rápidamente para solucionar el inconveniente. En estos casos, te recomendamos:\n\n*   **Subir un ticket a la plataforma JIRA**: Para resolver cualquier problema con la carga de la tarjeta, debes crear un ticket en la plataforma JIRA. Puedes acceder a JIRA desde la [**INTRANET**](https://verisure.sharepoint.com/sites/Group-Intra-CL) de la empresa.\n*   **Tiempo de respuesta**: El equipo de soporte recibirá tu solicitud y te asistirá a la brevedad. Recibirás una notificación cuando tu ticket haya sido revisado y solucionado."}},"Id":"285b9780-b3d6-4233-928b-ba8de787c1a2","DisplayName":null,"Description":null,"ShareContext":{},"CreatedTime":"2024-09-13T12:47:26.217Z","UpdatedTime":"2024-09-13T12:47:26.217Z","CreatedUserId":"user-0","UpdatedUserId":"user-0","IsManaged":false,"IsCustomizable":true,"Etag":"W/\"666424\"","VersionNumber":0,"ComponentId":"00000000-0000-0000-0000-000000000000"},{"ChannelContent":{"web":{"ContentFormat":"Markdown","Content":"**3.- Seguimiento y asistencia adicional**\n\nSi el problema persiste o si no recibes una respuesta en el tiempo esperado, puedes hacer un seguimiento directamente en JIRA. Es posible verificar el estado de tu ticket en cualquier momento para obtener actualizaciones sobre el progreso.\n\n*   **Sugerencia**: Si tienes algún tipo de urgencia con el saldo de tu tarjeta o necesitas una respuesta rápida, asegúrate de incluir esta información en el ticket para que sea priorizado por el equipo de soporte."}},"Id":"94a1f841-4b1c-4ebe-a014-8537a7daa447","DisplayName":null,"Description":null,"ShareContext":{},"CreatedTime":"2024-09-13T12:55:45.853Z","UpdatedTime":"2024-09-13T12:55:45.853Z","CreatedUserId":"user-0","UpdatedUserId":"user-0","IsManaged":false,"IsCustomizable":true,"Etag":"W/\"666424\"","VersionNumber":0,"ComponentId":"00000000-0000-0000-0000-000000000000"},{"ChannelContent":{"web":{"ContentFormat":"Markdown","Content":"**Recuerda que si necesitas más asistencia o tienes preguntas adicionales sobre la tarjeta Edenred, también puedes comunicarte con el área de recursos humanos. Ellos te proporcionarán toda la información que necesitas sobre los beneficios y su gestión.**"}},"Id":"c28d63ed-93ca-410c-b179-46d264c4478a","DisplayName":null,"Description":null,"ShareContext":{},"CreatedTime":"2024-09-13T12:56:44.189Z","UpdatedTime":"2024-09-13T12:56:44.189Z","CreatedUserId":"user-0","UpdatedUserId":"user-0","IsManaged":false,"IsCustomizable":true,"Etag":"W/\"666424\"","VersionNumber":0,"ComponentId":"00000000-0000-0000-0000-000000000000"}],"ActionDefinitions":[],"LoginActions":[],"ContextVariables":[],"Skills":[],"CreatedUtc":"0001-01-01T00:00:00","ComponentDeltaToken":null,"ClosedListTypes":[],"ExampleBasedTypes":[],"RegexTypes":[],"JsonTypes":[],"OpenListTypes":[],"SystemIntentIds":{},"SystemVariableIds":{},"SystemNamedEntityIds":{},"Configuration":{"categories":[],"channels":[],"settings":{},"publishOnCreate":false,"isLightweightBot":false},"ObiContent":{},"ObiTracingMetadata":null,"SchemaNameToComponentId":{}}