{"Version":null,"BotDisplayName":null,"AppInsightsInstrumentationKey":null,"AuthenticationMode":"Unspecified","AuthenticationTrigger":"AsNeeded","Intents":[{"kind":"Default","EndUserOverrideName":"Entrega de edenred sin carga","AvailableInChannels":[],"SystemIntentTypes":[],"extractVariableIds":[],"confirmVariableIds":[],"IntentType":"Regular","TriggerQueries":["¿Qué debo hacer si recibí mi tarjeta Edenred pero no me han cargado saldo aún?","¿Cómo proceder si tengo mi tarjeta Edenred pero no me han depositado el saldo correspondiente?","¿Qué hacer si recibí la tarjeta Edenred pero no he recibido el saldo del mes?","¿Cómo reclamar si ya tengo la tarjeta Edenred pero no me han cargado el saldo mensual?","¿Qué pasos seguir si tengo mi tarjeta Edenred pero no me han transferido el saldo hasta ahora?","¿Cómo puedo solucionar el problema de no tener saldo cargado en mi tarjeta Edenred?","¿Qué debo hacer si no he recibido el saldo en mi tarjeta Edenred después de recibirla?","¿Qué hacer si mi tarjeta Edenred no tiene saldo a pesar de haberla recibido?","¿Cómo puedo resolver si tengo la tarjeta Edenred pero no me han depositado el proporcional?","¿Cómo actuar si recibí la tarjeta Edenred pero no me han cargado el saldo correspondiente al mes?","¿Qué pasos debo seguir si no me han transferido el saldo a mi tarjeta Edenred?","¿Qué puedo hacer si ya tengo la tarjeta Edenred pero no me han depositado el saldo mensual?","¿Cómo reclamar si no he recibido saldo en mi tarjeta Edenred después de que me la entregaron?","¿Qué hacer si mi tarjeta Edenred sigue sin saldo a pesar de haberla recibido?","¿Cómo proceder si no me han cargado el saldo en la tarjeta Edenred tras su entrega?","¿Qué debo hacer si no me han transferido el proporcional del mes a mi tarjeta Edenred?","¿Cómo solucionar el problema si tengo mi tarjeta Edenred pero no he recibido saldo?","¿Qué pasos seguir si no me han depositado el saldo en mi tarjeta Edenred después de recibirla?","¿Qué hacer si no tengo saldo en mi tarjeta Edenred a pesar de haberla recibido?","¿Cómo puedo gestionar la falta de saldo en mi tarjeta Edenred tras haberla recibido?","¿Qué debo hacer si no me han cargado el saldo mensual en mi tarjeta Edenred?","¿Cómo puedo resolver si no he recibido el saldo en mi tarjeta Edenred después de recibirla?","¿Qué hacer si recibí la tarjeta Edenred pero no se ha reflejado el saldo correspondiente?","¿Cómo proceder si ya tengo la tarjeta Edenred pero no me han transferido el saldo mensual?","¿Qué pasos debo seguir si no me han depositado el saldo en la tarjeta Edenred?","¿Qué puedo hacer si mi tarjeta Edenred no tiene saldo aunque ya la recibí?","¿Cómo puedo gestionar la falta de saldo en mi tarjeta Edenred a pesar de haberla recibido?","¿Qué hacer si no tengo saldo en mi tarjeta Edenred tras recibirla?","¿Cómo actuar si no me han cargado el saldo mensual en mi tarjeta Edenred después de entregarla?","¿Qué debo hacer si no he recibido el saldo en mi tarjeta Edenred tras haberla recibido?","¿Cómo puedo reclamar si mi tarjeta Edenred sigue sin saldo después de haberla recibido?","¿Qué hacer si no me han cargado el saldo en la tarjeta Edenred tras su entrega?","¿Cómo proceder si no me han transferido el proporcional a mi tarjeta Edenred después de recibirla?","¿Qué pasos debo seguir si no tengo saldo en mi tarjeta Edenred tras haberla recibido?","¿Cómo puedo resolver si no me han cargado el saldo mensual en mi tarjeta Edenred?","¿Qué hacer si mi tarjeta Edenred no tiene saldo aunque ya la recibí hace tiempo?","¿Cómo actuar si no se ha reflejado el saldo en mi tarjeta Edenred tras recibirla?","¿Qué debo hacer si no tengo saldo en mi tarjeta Edenred tras la entrega?","¿Cómo puedo solucionar el problema de no recibir el saldo en mi tarjeta Edenred?","¿Qué pasos seguir si ya recibí la tarjeta Edenred pero no me han cargado el saldo mensual?","¿Qué hacer si ya recibí mi tarjeta Edenred, pero aún no me cargan el proporcional del mes en curso?"],"DialogId":"new_topic_70f582d8d8ec4b3993c1a95a5243ebd3","IsTriggeringEnabled":true,"CanTriggeringBeDisabled":true,"category":null,"Id":"new_topic_70f582d8d8ec4b3993c1a95a5243ebd3","DisplayName":"Entrega de edenred sin carga","Description":"Entrega de edenred sin carga","ShareContext":{},"CreatedTime":"2024-09-10T16:33:31.8832632Z","UpdatedTime":"2024-09-23T18:08:12.3301914Z","CreatedUserId":"d9dbef25-8725-4cad-9128-9be1542a720c","UpdatedUserId":"d9dbef25-8725-4cad-9128-9be1542a720c","IsManaged":false,"IsCustomizable":true,"Etag":"W/\"658136\"","VersionNumber":0,"ComponentId":"00000000-0000-0000-0000-000000000000"}],"ObiIntents":[],"NamedEntities":[],"Dialogs":[{"RootNodeId":"da6f4052-dfee-417b-aa9c-8cf195505a9f","DialogType":"Regular","MessageNodes":[{"BotMessageId":"c642720e-a089-47bd-b0ed-acf7332205af","NodeType":"BotMessageNode","Id":"da6f4052-dfee-417b-aa9c-8cf195505a9f","Routes":[],"DefaultTargetNodeId":"9440ab56-6a8f-42c3-9b75-8cdf22dcd608"},{"BotMessageId":"796eb04e-337c-498b-a769-cac370cc4047","NodeType":"BotMessageNode","Id":"9440ab56-6a8f-42c3-9b75-8cdf22dcd608","Routes":[],"DefaultTargetNodeId":"61dce99e-6831-45e2-b8fc-f614ac26e263"}],"ActionNodes":[],"DialogChangeNodes":[{"TargetDialogId":"new_topic_c5b1300f0a6fef11a6706045bd399600_aeabea4d071f415c8c107e1cb7af5424_assumedsuccess","NodeType":"DialogChangeNode","InputParameterVariableIdMap":{},"OutputExpressionVariableIds":[],"Id":"61dce99e-6831-45e2-b8fc-f614ac26e263","Routes":[],"DefaultTargetNodeId":null}],"QuestionNodes":[],"AgentTransferNodes":[],"LoginNodes":[],"Id":"new_topic_70f582d8d8ec4b3993c1a95a5243ebd3","DisplayName":"Untitled","Description":null,"ShareContext":{},"CreatedTime":"2024-09-10T16:33:31.8832606Z","UpdatedTime":"2024-09-23T18:08:12.3301893Z","CreatedUserId":"d9dbef25-8725-4cad-9128-9be1542a720c","UpdatedUserId":"d9dbef25-8725-4cad-9128-9be1542a720c","IsManaged":false,"IsCustomizable":true,"Etag":"W/\"658136\"","VersionNumber":0,"ComponentId":"00000000-0000-0000-0000-000000000000"}],"ObiDialogs":[],"DialogSchemas":[],"BotMessages":[{"ChannelContent":{"web":{"ContentFormat":"Markdown","Content":"**¿Problemas de carga de tu Edenred?**\n\nAcá de ayudamos!"}},"Id":"c642720e-a089-47bd-b0ed-acf7332205af","DisplayName":null,"Description":null,"ShareContext":{},"CreatedTime":"2024-09-10T16:26:47.768Z","UpdatedTime":"2024-09-10T16:26:47.768Z","CreatedUserId":null,"UpdatedUserId":null,"IsManaged":false,"IsCustomizable":true,"Etag":"W/\"658136\"","VersionNumber":0,"ComponentId":"00000000-0000-0000-0000-000000000000"},{"ChannelContent":{"web":{"ContentFormat":"Markdown","Content":"La tarjeta Edenred se carga de manera automática el **primer día hábil de cada mes.** Esto significa que el saldo correspondiente debería estar disponible para su uso en esa fecha.\n\n*   **Día hábil:** Es importante recordar que el primer día hábil del mes no puede coincidir con el primer día calendario, especialmente si el mes comienza en fin de semana o en días feriados. Asegúrate de verificar el calendario laboral para saber exactamente cuándo se espera la carga."}},"Id":"796eb04e-337c-498b-a769-cac370cc4047","DisplayName":null,"Description":null,"ShareContext":{},"CreatedTime":"2024-09-13T17:20:37.26Z","UpdatedTime":"2024-09-13T17:20:37.26Z","CreatedUserId":"user-0","UpdatedUserId":"user-0","IsManaged":false,"IsCustomizable":true,"Etag":"W/\"658136\"","VersionNumber":0,"ComponentId":"00000000-0000-0000-0000-000000000000"}],"ActionDefinitions":[],"LoginActions":[],"ContextVariables":[],"Skills":[],"CreatedUtc":"0001-01-01T00:00:00","ComponentDeltaToken":null,"ClosedListTypes":[],"ExampleBasedTypes":[],"RegexTypes":[],"JsonTypes":[],"OpenListTypes":[],"SystemIntentIds":{},"SystemVariableIds":{},"SystemNamedEntityIds":{},"Configuration":{"categories":[],"channels":[],"settings":{},"publishOnCreate":false,"isLightweightBot":false},"ObiContent":{},"ObiTracingMetadata":null,"SchemaNameToComponentId":{}}