<botcomponent schemaname="cr9dd_chatBotVerisureCapstone.knowledge.httpswwwverisureclconsejosyayudapreguntasfrecuentes_1T0vj_sy">
  <componenttype>16</componenttype>
  <description>Este origen de conocimiento busca información en la web que se ha encontrado en el sitio web https://www.verisure.cl/consejos-y-ayuda/preguntas-frecuentes</description>
  <iscustomizable>0</iscustomizable>
  <name>https://www.verisure.cl/consejos-y-ayuda/preguntas-frecuentes</name>
  <parentbotid>
    <schemaname>cr9dd_chatBotVerisureCapstone</schemaname>
  </parentbotid>
  <statecode>0</statecode>
  <statuscode>1</statuscode>
</botcomponent>