{"Version":null,"BotDisplayName":null,"AppInsightsInstrumentationKey":null,"AuthenticationMode":"Unspecified","AuthenticationTrigger":"AsNeeded","Intents":[{"kind":"Default","EndUserOverrideName":"Cuenta Bloqueada ADP","AvailableInChannels":[],"SystemIntentTypes":[],"extractVariableIds":[],"confirmVariableIds":[],"IntentType":"Regular","TriggerQueries":["Soporte para desbloqueo de cuenta en ADP PAYROLL","¿Cómo solicito ayuda para desbloquear mi cuenta en ADP PAYROLL?","Mi cuenta ADP PAYROLL está inactiva, ¿cómo la desbloqueo?","Cuenta de ADP PAYROLL bloqueada, ¿cómo la restablezco?","No puedo entrar a ADP PAYROLL, ¿cómo desbloqueo mi cuenta?","Necesito desbloquear mi cuenta en ADP PAYROLL","¿Cómo volver a tener acceso a mi cuenta de ADP PAYROLL?","¿Cómo recuperar el acceso bloqueado a ADP PAYROLL?","¿Qué hacer si me bloquearon la cuenta en ADP PAYROLL?","¿Cómo se desbloquea una cuenta en ADP PAYROLL?","¿Por qué mi cuenta en ADP PAYROLL está bloqueada?","¿Qué hacer si no puedo ingresar a mi cuenta de ADP PAYROLL?","¿Cómo resolver el bloqueo de mi cuenta de ADP PAYROLL?","Cuenta ADP PAYROLL bloqueada, no puedo ingresar","¿Cómo desbloqueo mi acceso en ADP PAYROLL?","No puedo iniciar sesión en ADP PAYROLL, mi cuenta está bloqueada","Mi cuenta está bloqueada en ADP PAYROLL, ¿cómo la reactivo?","¿Cómo puedo reactivar mi cuenta en ADP PAYROLL?","¿Cómo resolver el bloqueo de mi cuenta en ADP PAYROLL?","Soporte para desbloquear cuenta en ADP PAYROLL","Problema con mi cuenta en ADP PAYROLL, está bloqueada","Necesito ayuda para desbloquear mi cuenta en ADP PAYROLL","Ayuda, no puedo acceder a ADP PAYROLL, mi cuenta está bloqueada","¿Cómo proceder si no puedo entrar a mi cuenta ADP PAYROLL?","¿Cómo resolver el bloqueo de mi cuenta en ADP PAYROLL?","¿Cómo puedo recuperar el acceso a mi cuenta bloqueada en ADP PAYROLL?","¿Cómo desbloquear mi cuenta en ADP PAYROLL?","¿Qué hacer si mi cuenta en ADP PAYROLL está bloqueada?","Cuenta bloqueada en ADP PAYROLL, ¿cómo solucionarlo?","No puedo entrar en ADP PAYROLL, ¿cómo desbloquear mi cuenta?","Mi cuenta ADP PAYROLL ha sido bloqueada, ¿cómo la desbloqueo?","¿Cómo puedo desbloquear mi cuenta en ADP PAYROLL?","No puedo acceder a mi cuenta en ADP PAYROLL, está bloqueada","Mi cuenta en ADP PAYROLL está bloqueada, ¿cómo la desbloqueo?"],"DialogId":"new_topic_23c0bf3575934151ae49e95ef1c42148","IsTriggeringEnabled":true,"CanTriggeringBeDisabled":true,"category":null,"Id":"new_topic_23c0bf3575934151ae49e95ef1c42148","DisplayName":"Cuenta Bloqueada ADP","Description":"Tópico dirigido a responder la duda frecuente de como desbloquear la cuenta ADP de un colaborador.","ShareContext":{},"CreatedTime":"2024-09-10T13:32:29.01212Z","UpdatedTime":"2024-09-15T18:31:01.6479529Z","CreatedUserId":"29634af8-da96-4704-8cf0-ca1980816fdc","UpdatedUserId":"d9dbef25-8725-4cad-9128-9be1542a720c","IsManaged":false,"IsCustomizable":true,"Etag":"W/\"646986\"","VersionNumber":0,"ComponentId":"00000000-0000-0000-0000-000000000000"}],"ObiIntents":[],"NamedEntities":[],"Dialogs":[{"RootNodeId":"09fde67c-f999-486d-84fb-30d791e5997d","DialogType":"Regular","MessageNodes":[{"BotMessageId":"3b024358-1222-4ed5-9d29-08ded4204867","NodeType":"BotMessageNode","Id":"09fde67c-f999-486d-84fb-30d791e5997d","Routes":[],"DefaultTargetNodeId":"3b298dfb-f95a-47ae-8d73-4f362e3299aa"},{"BotMessageId":"189301f0-b5d3-4319-b04c-97161cf1078d","NodeType":"BotMessageNode","Id":"3b298dfb-f95a-47ae-8d73-4f362e3299aa","Routes":[],"DefaultTargetNodeId":"117b720f-0176-4e38-8b50-c33befa7722d"},{"BotMessageId":"9ffa0798-b8e1-4cb2-a7e7-ecb31f9ae8f2","NodeType":"BotMessageNode","Id":"117b720f-0176-4e38-8b50-c33befa7722d","Routes":[],"DefaultTargetNodeId":"69826f2d-260d-4827-9da9-2ca38deb0be8"},{"BotMessageId":"2dbbe53d-d8e6-40fa-b9e8-db9a631ffa7c","NodeType":"BotMessageNode","Id":"69826f2d-260d-4827-9da9-2ca38deb0be8","Routes":[],"DefaultTargetNodeId":"fce4983f-19f4-4024-b04f-1d6796d1419f"}],"ActionNodes":[],"DialogChangeNodes":[{"TargetDialogId":"new_topic_c5b1300f0a6fef11a6706045bd399600_aeabea4d071f415c8c107e1cb7af5424_assumedsuccess","NodeType":"DialogChangeNode","InputParameterVariableIdMap":{},"OutputExpressionVariableIds":[],"Id":"fce4983f-19f4-4024-b04f-1d6796d1419f","Routes":[],"DefaultTargetNodeId":null}],"QuestionNodes":[],"AgentTransferNodes":[],"LoginNodes":[],"Id":"new_topic_23c0bf3575934151ae49e95ef1c42148","DisplayName":"Sin título","Description":null,"ShareContext":{},"CreatedTime":"2024-09-10T13:32:29.0121182Z","UpdatedTime":"2024-09-15T18:31:01.647907Z","CreatedUserId":"29634af8-da96-4704-8cf0-ca1980816fdc","UpdatedUserId":"d9dbef25-8725-4cad-9128-9be1542a720c","IsManaged":false,"IsCustomizable":true,"Etag":"W/\"646986\"","VersionNumber":0,"ComponentId":"00000000-0000-0000-0000-000000000000"}],"ObiDialogs":[],"DialogSchemas":[],"BotMessages":[{"ChannelContent":{"web":{"ContentFormat":"Markdown","Content":"**Para desbloquear tu cuenta, sigue estos pasos:**\n\n**1.- Accede a la plataforma JIRA**: Debes crear un ticket en la plataforma JIRA. Para hacerlo, primero ingresa a la intranet a través del siguiente enlace [**INTRANET**](https://verisure.sharepoint.com/sites/Group-Intra-CL)"}},"Id":"3b024358-1222-4ed5-9d29-08ded4204867","DisplayName":null,"Description":null,"ShareContext":{},"CreatedTime":"2024-09-10T13:30:58.874Z","UpdatedTime":"2024-09-10T13:30:58.874Z","CreatedUserId":null,"UpdatedUserId":null,"IsManaged":false,"IsCustomizable":true,"Etag":"W/\"646986\"","VersionNumber":0,"ComponentId":"00000000-0000-0000-0000-000000000000"},{"ChannelContent":{"web":{"ContentFormat":"Markdown","Content":"**2.- Navega hasta JIRA**: Una vez dentro de la intranet, dirígete a la sección **“Mi día a día”**. Luego, selecciona la opción **Herramientas/Programas** y busca **JIRA** en la lista."}},"Id":"189301f0-b5d3-4319-b04c-97161cf1078d","DisplayName":null,"Description":null,"ShareContext":{},"CreatedTime":"2024-09-11T16:45:26.361Z","UpdatedTime":"2024-09-11T16:45:26.361Z","CreatedUserId":"user-0","UpdatedUserId":"user-0","IsManaged":false,"IsCustomizable":true,"Etag":"W/\"646986\"","VersionNumber":0,"ComponentId":"00000000-0000-0000-0000-000000000000"},{"ChannelContent":{"web":{"ContentFormat":"Markdown","Content":"**3.- Crea el ticket**: Después de ingresar a JIRA, solicita el desbloqueo de tu usuario **ADP** mediante la creación de un ticket. Asegúrate de incluir todos los detalles necesarios para que tu solicitud sea procesada correctamente."}},"Id":"9ffa0798-b8e1-4cb2-a7e7-ecb31f9ae8f2","DisplayName":null,"Description":null,"ShareContext":{},"CreatedTime":"2024-09-11T16:46:45.883Z","UpdatedTime":"2024-09-11T16:46:45.883Z","CreatedUserId":"user-0","UpdatedUserId":"user-0","IsManaged":false,"IsCustomizable":true,"Etag":"W/\"646986\"","VersionNumber":0,"ComponentId":"00000000-0000-0000-0000-000000000000"},{"ChannelContent":{"web":{"ContentFormat":"Markdown","Content":"**4.- Espera la respuesta**: Tu solicitud será revisada y respondida lo antes posible. Te notificaremos tan pronto como tu cuenta haya sido desbloqueada."}},"Id":"2dbbe53d-d8e6-40fa-b9e8-db9a631ffa7c","DisplayName":null,"Description":null,"ShareContext":{},"CreatedTime":"2024-09-11T16:47:21.957Z","UpdatedTime":"2024-09-11T16:47:21.957Z","CreatedUserId":"user-0","UpdatedUserId":"user-0","IsManaged":false,"IsCustomizable":true,"Etag":"W/\"646986\"","VersionNumber":0,"ComponentId":"00000000-0000-0000-0000-000000000000"}],"ActionDefinitions":[],"LoginActions":[],"ContextVariables":[],"Skills":[],"CreatedUtc":"0001-01-01T00:00:00","ComponentDeltaToken":null,"ClosedListTypes":[],"ExampleBasedTypes":[],"RegexTypes":[],"JsonTypes":[],"OpenListTypes":[],"SystemIntentIds":{},"SystemVariableIds":{},"SystemNamedEntityIds":{},"Configuration":{"categories":[],"channels":[],"settings":{},"publishOnCreate":false,"isLightweightBot":false},"ObiContent":{},"ObiTracingMetadata":null,"SchemaNameToComponentId":{}}