<botcomponent schemaname="cr9dd_chatBotVerisureCapstone.topic.OnError">
  <componenttype>9</componenttype>
  <description>Este tema del sistema se desencadena cuando el bot encuentra un error. Cuando se utiliza el panel de chat de prueba, se muestra la descripción completa del error.</description>
  <iscustomizable>0</iscustomizable>
  <name>Al producirse un error</name>
  <parentbotid>
    <schemaname>cr9dd_chatBotVerisureCapstone</schemaname>
  </parentbotid>
  <statecode>1</statecode>
  <statuscode>2</statuscode>
</botcomponent>