<botcomponent schemaname="cre0e_pruebaChatBotVerisurePrivada.knowledge.httpswwwverisurecltelefonoverisure_mB3A8qIWOV3Z4aUjRzsg">
  <componenttype>16</componenttype>
  <description>This knowledge source searches information on the web found in https://www.verisure.cl/telefono-verisure website</description>
  <iscustomizable>0</iscustomizable>
  <name>https://www.verisure.cl/telefono-verisure</name>
  <parentbotid>
    <schemaname>cre0e_pruebaChatBotVerisurePrivada</schemaname>
  </parentbotid>
  <statecode>0</statecode>
  <statuscode>1</statuscode>
</botcomponent>