<botcomponent schemaname="cre0e_pruebaChatBotVerisurePrivada.component.PROYECTOMEJORASERVICIOJIRAOCTUBRE.pdf_huW">
  <componenttype>14</componenttype>
  <description>Este origen de conocimiento busca información contenida en PROYECTO MEJORA SERVICIO JIRA OCTUBRE.pdf</description>
  <filedata mimetype="application/pdf">PROYECTO%20MEJORA%20SERVICIO%20JIRA%20OCTUBRE.pdf</filedata>
  <iscustomizable>0</iscustomizable>
  <name>PROYECTO MEJORA SERVICIO JIRA OCTUBRE.pdf</name>
  <parentbotid>
    <schemaname>cre0e_pruebaChatBotVerisurePrivada</schemaname>
  </parentbotid>
  <statecode>0</statecode>
  <statuscode>1</statuscode>
</botcomponent>