<botcomponent schemaname="cr9dd_chatBotVerisureCapstone.knowledge.httpswwwverisureclservicios_259RPDBaVzS3oK1KQBGDI">
  <componenttype>16</componenttype>
  <description>Este origen de conocimiento busca información en la web que se ha encontrado en el sitio web https://www.verisure.cl/servicios</description>
  <iscustomizable>0</iscustomizable>
  <name>https://www.verisure.cl/servicios</name>
  <parentbotid>
    <schemaname>cr9dd_chatBotVerisureCapstone</schemaname>
  </parentbotid>
  <statecode>0</statecode>
  <statuscode>1</statuscode>
</botcomponent>