{"Version":null,"BotDisplayName":null,"AppInsightsInstrumentationKey":null,"AuthenticationMode":"Unspecified","AuthenticationTrigger":"AsNeeded","Intents":[{"kind":"Default","EndUserOverrideName":"Error creación contraseña ADP","AvailableInChannels":[],"SystemIntentTypes":[],"extractVariableIds":[],"confirmVariableIds":[],"IntentType":"Regular","TriggerQueries":["¿Cómo puedo acceder a ADP Payroll si no puedo crear mi contraseña ni he recibido una provisional?","¿Qué hacer si no recibí una contraseña temporal para ADP Payroll y no puedo crear la mía?","¿Cómo puedo resolver el problema de no tener acceso a ADP Payroll sin una contraseña provisional?","¿Qué pasos seguir si no he recibido una contraseña provisional para ADP Payroll y no puedo generar una nueva?","¿Qué hacer si no puedo crear mi contraseña para ADP Payroll ni he recibido una provisoria?","¿Cómo solicitar ayuda si no recibí una contraseña temporal para ADP Payroll y no puedo establecer la mía?","¿Qué puedo hacer si no me llega la contraseña provisional para ADP Payroll y no puedo generar una nueva?","¿Cómo proceder si no he recibido una contraseña temporal para ADP Payroll ni puedo crear una propia?","¿Qué debo hacer si no puedo generar mi contraseña para ADP Payroll y no recibí una temporal?","¿Qué hacer si no tengo acceso a una contraseña provisional y no puedo entrar a ADP Payroll?","¿Cómo puedo solicitar ayuda si no me llega la contraseña provisoria para ADP Payroll?","¿Qué pasos debo seguir si no he recibido la contraseña temporal para ADP Payroll y no puedo crear una nueva?","¿Cómo proceder si no recibí la contraseña provisional para ADP Payroll y no puedo crear la mía?","¿Cómo puedo acceder a ADP Payroll si no me llega una contraseña provisoria?","¿Qué debo hacer si no puedo crear mi contraseña para ADP Payroll y no tengo una provisional?","¿Cómo puedo resolver el problema si no recibí una contraseña provisional para ADP Payroll y no puedo generar una nueva?","¿Qué debo hacer si no me llega la contraseña temporal para ADP Payroll y no puedo establecer la mía?","¿Cómo puedo solicitar asistencia si no tengo una contraseña provisional para ADP Payroll y no puedo crear la mía?","¿Qué hacer si no puedo crear mi contraseña de ADP Payroll y no tengo una temporal?","¿Cómo proceder si no tengo acceso a una contraseña provisional para ADP Payroll?","¿Qué pasos debo seguir si no he recibido una contraseña temporal para ADP Payroll ni puedo crear una nueva?","¿Cómo puedo resolver el problema si no recibí una contraseña provisional y no puedo entrar a ADP Payroll?","¿Qué hacer si no he recibido una contraseña temporal para ADP Payroll y no puedo crear la mía?","¿Cómo solicitar una contraseña provisional si no puedo crear mi propia contraseña en ADP Payroll?","¿Qué debo hacer si no tengo acceso a ADP Payroll porque no he recibido una contraseña temporal?","¿Qué opciones tengo si no puedo crear mi contraseña para ADP Payroll y no recibí una temporal?","¿Cómo puedo acceder a ADP Payroll si no he recibido una contraseña provisional y no puedo crear la mía?","¿Cómo proceder si no puedo generar una contraseña para ADP Payroll ni he recibido una temporal?","¿Qué pasos seguir si no tengo acceso a ADP Payroll porque no me llegó la contraseña provisional?","¿Cómo solicitar ayuda si no he recibido una contraseña temporal para ADP Payroll?","¿Qué opciones tengo si no puedo crear mi contraseña para ADP Payroll y no me llegó la temporal?","¿Qué hacer si no he recibido la contraseña provisional para ADP Payroll y no puedo establecer la mía?","¿Cómo puedo resolver si no tengo una contraseña temporal para ADP Payroll y no puedo crear una nueva?","¿Qué debo hacer si no recibí una contraseña provisional para ADP Payroll y no puedo generar una?","¿Cómo actuar si no tengo acceso a ADP Payroll por falta de una contraseña temporal?","¿Qué opciones tengo si no puedo crear mi contraseña de ADP Payroll y no he recibido una temporal?","¿Cómo proceder si no he recibido una contraseña temporal para ADP Payroll ni puedo generar la mía?","¿Qué debo hacer si no puedo acceder a ADP Payroll porque no recibí la contraseña provisional?","¿Cómo gestionar el acceso a ADP Payroll si no he recibido la contraseña provisional y no puedo crear una nueva?","¿Qué hacer si no puedo establecer mi contraseña para ADP Payroll ni he recibido una temporal?"],"DialogId":"new_topic_80e6df0e30124912b4387ade7fb29cd0","IsTriggeringEnabled":true,"CanTriggeringBeDisabled":true,"category":null,"Id":"new_topic_80e6df0e30124912b4387ade7fb29cd0","DisplayName":"Error creación contraseña ADP","Description":"Error al crear contraseña en ADP Payroll","ShareContext":{},"CreatedTime":"2024-09-10T16:14:36.118577Z","UpdatedTime":"2024-09-25T14:04:22.1707043Z","CreatedUserId":"d9dbef25-8725-4cad-9128-9be1542a720c","UpdatedUserId":"29634af8-da96-4704-8cf0-ca1980816fdc","IsManaged":false,"IsCustomizable":true,"Etag":"W/\"666574\"","VersionNumber":0,"ComponentId":"00000000-0000-0000-0000-000000000000"}],"ObiIntents":[],"NamedEntities":[],"Dialogs":[{"RootNodeId":"cb756c59-4dcd-4b29-a832-adacc271b784","DialogType":"Regular","MessageNodes":[{"BotMessageId":"a18faa1a-f168-43b1-b20e-4f33e935b391","NodeType":"BotMessageNode","Id":"cb756c59-4dcd-4b29-a832-adacc271b784","Routes":[],"DefaultTargetNodeId":"f7042992-d04d-42ca-8766-cb70e0d15c41"},{"BotMessageId":"ab7a15ba-7ddc-4ddf-8e40-19b704251b81","NodeType":"BotMessageNode","Id":"f7042992-d04d-42ca-8766-cb70e0d15c41","Routes":[],"DefaultTargetNodeId":"47054a8f-0920-4359-9dcf-e45b8b014596"},{"BotMessageId":"dcda15ed-c853-436e-85c2-dbec86eb23b8","NodeType":"BotMessageNode","Id":"47054a8f-0920-4359-9dcf-e45b8b014596","Routes":[],"DefaultTargetNodeId":"edcc2af7-456d-4b63-954c-12271ecb7972"},{"BotMessageId":"92252300-9a00-4849-a983-c245c0e0f60d","NodeType":"BotMessageNode","Id":"edcc2af7-456d-4b63-954c-12271ecb7972","Routes":[],"DefaultTargetNodeId":"c12efcab-ccaf-407e-8f8e-4439af8517b7"}],"ActionNodes":[],"DialogChangeNodes":[{"TargetDialogId":"new_topic_c5b1300f0a6fef11a6706045bd399600_aeabea4d071f415c8c107e1cb7af5424_assumedsuccess","NodeType":"DialogChangeNode","InputParameterVariableIdMap":{},"OutputExpressionVariableIds":[],"Id":"c12efcab-ccaf-407e-8f8e-4439af8517b7","Routes":[],"DefaultTargetNodeId":null}],"QuestionNodes":[],"AgentTransferNodes":[],"LoginNodes":[],"Id":"new_topic_80e6df0e30124912b4387ade7fb29cd0","DisplayName":"Untitled","Description":null,"ShareContext":{},"CreatedTime":"2024-09-10T16:14:36.118575Z","UpdatedTime":"2024-09-25T14:04:22.170703Z","CreatedUserId":"d9dbef25-8725-4cad-9128-9be1542a720c","UpdatedUserId":"29634af8-da96-4704-8cf0-ca1980816fdc","IsManaged":false,"IsCustomizable":true,"Etag":"W/\"666574\"","VersionNumber":0,"ComponentId":"00000000-0000-0000-0000-000000000000"}],"ObiDialogs":[],"DialogSchemas":[],"BotMessages":[{"ChannelContent":{"web":{"ContentFormat":"Markdown","Content":"**¿Problemas con tu cuenta ADP payroll?**\n\nNosotros te ayudamos!"}},"Id":"a18faa1a-f168-43b1-b20e-4f33e935b391","DisplayName":null,"Description":null,"ShareContext":{},"CreatedTime":"2024-09-10T16:09:26.311Z","UpdatedTime":"2024-09-10T16:09:26.311Z","CreatedUserId":null,"UpdatedUserId":null,"IsManaged":false,"IsCustomizable":true,"Etag":"W/\"666574\"","VersionNumber":0,"ComponentId":"00000000-0000-0000-0000-000000000000"},{"ChannelContent":{"web":{"ContentFormat":"Markdown","Content":"**Para que puedas desbloquear tu cuenta debes:**\n\n*   Subir un ticket a **JIRA** desde tu intranet"}},"Id":"ab7a15ba-7ddc-4ddf-8e40-19b704251b81","DisplayName":null,"Description":null,"ShareContext":{},"CreatedTime":"2024-09-13T17:03:36.784Z","UpdatedTime":"2024-09-13T17:03:36.784Z","CreatedUserId":"user-0","UpdatedUserId":"user-0","IsManaged":false,"IsCustomizable":true,"Etag":"W/\"666574\"","VersionNumber":0,"ComponentId":"00000000-0000-0000-0000-000000000000"},{"ChannelContent":{"web":{"ContentFormat":"Markdown","Content":"**Una ves dentro de en tu portal Net debes ir a la opción:**\n\n1.  Mi día a día\n2.  Herramientas\n3.  Programas\n4.  JIRA"}},"Id":"dcda15ed-c853-436e-85c2-dbec86eb23b8","DisplayName":null,"Description":null,"ShareContext":{},"CreatedTime":"2024-09-13T17:05:55.976Z","UpdatedTime":"2024-09-13T17:05:55.976Z","CreatedUserId":"user-0","UpdatedUserId":"user-0","IsManaged":false,"IsCustomizable":true,"Etag":"W/\"666574\"","VersionNumber":0,"ComponentId":"00000000-0000-0000-0000-000000000000"},{"ChannelContent":{"web":{"ContentFormat":"Markdown","Content":"Una ves dentro del portal de **JIRA** solicita el desbloqueo de usuario ADP, esta solicitud será respondida a la brevedad"}},"Id":"92252300-9a00-4849-a983-c245c0e0f60d","DisplayName":null,"Description":null,"ShareContext":{},"CreatedTime":"2024-09-13T17:06:51.351Z","UpdatedTime":"2024-09-13T17:06:51.351Z","CreatedUserId":"user-0","UpdatedUserId":"user-0","IsManaged":false,"IsCustomizable":true,"Etag":"W/\"666574\"","VersionNumber":0,"ComponentId":"00000000-0000-0000-0000-000000000000"}],"ActionDefinitions":[],"LoginActions":[],"ContextVariables":[],"Skills":[],"CreatedUtc":"0001-01-01T00:00:00","ComponentDeltaToken":null,"ClosedListTypes":[],"ExampleBasedTypes":[],"RegexTypes":[],"JsonTypes":[],"OpenListTypes":[],"SystemIntentIds":{},"SystemVariableIds":{},"SystemNamedEntityIds":{},"Configuration":{"categories":[],"channels":[],"settings":{},"publishOnCreate":false,"isLightweightBot":false},"ObiContent":{},"ObiTracingMetadata":null,"SchemaNameToComponentId":{}}