<botcomponent schemaname="cr9dd_chatBotVerisureCapstone.topic.MultipleTopicsMatched">
  <componenttype>9</componenttype>
  <description>Este tema del sistema se desencadena cuando el bot encuentra varios temas coincidentes con el mensaje entrante y necesita aclarar qué tema se debe desencadenar.</description>
  <iscustomizable>0</iscustomizable>
  <name>Varios temas relacionados</name>
  <parentbotid>
    <schemaname>cr9dd_chatBotVerisureCapstone</schemaname>
  </parentbotid>
  <statecode>0</statecode>
  <statuscode>1</statuscode>
</botcomponent>