<botcomponent schemaname="cre0e_pruebaChatBotVerisurePrivada.knowledge.httpswwwverisureclconsejosyayudapreguntasfrecuentes_9N4">
  <componenttype>16</componenttype>
  <description>This knowledge source searches information on the web found in https://www.verisure.cl/consejos-y-ayuda/preguntas-frecuentes website</description>
  <iscustomizable>0</iscustomizable>
  <name>https://www.verisure.cl/consejos-y-ayuda/preguntas-frecuentes</name>
  <parentbotid>
    <schemaname>cre0e_pruebaChatBotVerisurePrivada</schemaname>
  </parentbotid>
  <statecode>0</statecode>
  <statuscode>1</statuscode>
</botcomponent>