<ImportExportXml version="9.2.24102.152" SolutionPackageVersion="9.2" languagecode="3082" generatedBy="CrmLive" xmlns:xsi="http://www.w3.org/2001/XMLSchema-instance" OrganizationVersion="9.2.24102.152" OrganizationSchemaType="Core" CRMServerServiceabilityVersion="9.2.24102.00154">
  <SolutionManifest>
    <UniqueName>Prueba3</UniqueName>
    <LocalizedNames>
      <LocalizedName description="Prueba3" languagecode="3082" />
    </LocalizedNames>
    <Descriptions />
    <Version>1.0.0.1</Version>
    <Managed>1</Managed>
    <Publisher>
      <UniqueName>DefaultPublisherorg8819b758</UniqueName>
      <LocalizedNames>
        <LocalizedName description="Editor predeterminado para org8819b758" languagecode="3082" />
      </LocalizedNames>
      <Descriptions>
        <Description description="Editor predeterminado para esta organización" languagecode="3082" />
      </Descriptions>
      <EMailAddress xsi:nil="true"></EMailAddress>
      <SupportingWebsiteUrl xsi:nil="true"></SupportingWebsiteUrl>
      <CustomizationPrefix>new</CustomizationPrefix>
      <CustomizationOptionValuePrefix>10000</CustomizationOptionValuePrefix>
    </Publisher>
    <RootComponents />
    <MissingDependencies>
      <MissingDependency>
        <Required type="bot" displayName="cr9dd_chatBotVerisureCapstonentQmmw" solution="Active" id.schemaname="cr9dd_chatBotVerisureCapstonentQmmw" />
        <Dependent type="bot_botcomponent" displayName="botcomponentid.schemaname=new_customtype_c5b1300f0a6fef11a6706045bd399600_92610204747047ac8f788f7eecd91118,botid.schemaname=cr9dd_chatBotVerisureCapstonentQmmw" id.botcomponentid.schemaname="new_customtype_c5b1300f0a6fef11a6706045bd399600_92610204747047ac8f788f7eecd91118" id.botid.schemaname="cr9dd_chatBotVerisureCapstonentQmmw" />
      </MissingDependency>
      <MissingDependency>
        <Required type="bot" displayName="cr9dd_chatBotVerisureCapstonentQmmw" solution="Active" id.schemaname="cr9dd_chatBotVerisureCapstonentQmmw" />
        <Dependent type="bot_botcomponent" displayName="botcomponentid.schemaname=new_customtype_c5b1300f0a6fef11a6706045bd399600_f86fcadfd497444e91ed11c12b059d10,botid.schemaname=cr9dd_chatBotVerisureCapstonentQmmw" id.botcomponentid.schemaname="new_customtype_c5b1300f0a6fef11a6706045bd399600_f86fcadfd497444e91ed11c12b059d10" id.botid.schemaname="cr9dd_chatBotVerisureCapstonentQmmw" />
      </MissingDependency>
      <MissingDependency>
        <Required type="bot" displayName="cr9dd_chatBotVerisureCapstonentQmmw" solution="Active" id.schemaname="cr9dd_chatBotVerisureCapstonentQmmw" />
        <Dependent type="bot_botcomponent" displayName="botcomponentid.schemaname=new_topic_0e6021c50a4a423ea531df40d40e6267,botid.schemaname=cr9dd_chatBotVerisureCapstonentQmmw" id.botcomponentid.schemaname="new_topic_0e6021c50a4a423ea531df40d40e6267" id.botid.schemaname="cr9dd_chatBotVerisureCapstonentQmmw" />
      </MissingDependency>
      <MissingDependency>
        <Required type="bot" displayName="cr9dd_chatBotVerisureCapstonentQmmw" solution="Active" id.schemaname="cr9dd_chatBotVerisureCapstonentQmmw" />
        <Dependent type="bot_botcomponent" displayName="botcomponentid.schemaname=new_topic_23c0bf3575934151ae49e95ef1c42148,botid.schemaname=cr9dd_chatBotVerisureCapstonentQmmw" id.botcomponentid.schemaname="new_topic_23c0bf3575934151ae49e95ef1c42148" id.botid.schemaname="cr9dd_chatBotVerisureCapstonentQmmw" />
      </MissingDependency>
      <MissingDependency>
        <Required type="bot" displayName="cr9dd_chatBotVerisureCapstonentQmmw" solution="Active" id.schemaname="cr9dd_chatBotVerisureCapstonentQmmw" />
        <Dependent type="bot_botcomponent" displayName="botcomponentid.schemaname=new_topic_2c3caf9f43044b7ba6dd5999e1ec913c,botid.schemaname=cr9dd_chatBotVerisureCapstonentQmmw" id.botcomponentid.schemaname="new_topic_2c3caf9f43044b7ba6dd5999e1ec913c" id.botid.schemaname="cr9dd_chatBotVerisureCapstonentQmmw" />
      </MissingDependency>
      <MissingDependency>
        <Required type="bot" displayName="cr9dd_chatBotVerisureCapstonentQmmw" solution="Active" id.schemaname="cr9dd_chatBotVerisureCapstonentQmmw" />
        <Dependent type="bot_botcomponent" displayName="botcomponentid.schemaname=new_topic_2da5fb972004423eaa9e4287997979bb,botid.schemaname=cr9dd_chatBotVerisureCapstonentQmmw" id.botcomponentid.schemaname="new_topic_2da5fb972004423eaa9e4287997979bb" id.botid.schemaname="cr9dd_chatBotVerisureCapstonentQmmw" />
      </MissingDependency>
      <MissingDependency>
        <Required type="bot" displayName="cr9dd_chatBotVerisureCapstonentQmmw" solution="Active" id.schemaname="cr9dd_chatBotVerisureCapstonentQmmw" />
        <Dependent type="bot_botcomponent" displayName="botcomponentid.schemaname=new_topic_70f582d8d8ec4b3993c1a95a5243ebd3,botid.schemaname=cr9dd_chatBotVerisureCapstonentQmmw" id.botcomponentid.schemaname="new_topic_70f582d8d8ec4b3993c1a95a5243ebd3" id.botid.schemaname="cr9dd_chatBotVerisureCapstonentQmmw" />
      </MissingDependency>
      <MissingDependency>
        <Required type="bot" displayName="cr9dd_chatBotVerisureCapstonentQmmw" solution="Active" id.schemaname="cr9dd_chatBotVerisureCapstonentQmmw" />
        <Dependent type="bot_botcomponent" displayName="botcomponentid.schemaname=new_topic_80e6df0e30124912b4387ade7fb29cd0,botid.schemaname=cr9dd_chatBotVerisureCapstonentQmmw" id.botcomponentid.schemaname="new_topic_80e6df0e30124912b4387ade7fb29cd0" id.botid.schemaname="cr9dd_chatBotVerisureCapstonentQmmw" />
      </MissingDependency>
      <MissingDependency>
        <Required type="bot" displayName="cr9dd_chatBotVerisureCapstonentQmmw" solution="Active" id.schemaname="cr9dd_chatBotVerisureCapstonentQmmw" />
        <Dependent type="bot_botcomponent" displayName="botcomponentid.schemaname=new_topic_820e7de7ae01446dbdb3a7be2c3ba284,botid.schemaname=cr9dd_chatBotVerisureCapstonentQmmw" id.botcomponentid.schemaname="new_topic_820e7de7ae01446dbdb3a7be2c3ba284" id.botid.schemaname="cr9dd_chatBotVerisureCapstonentQmmw" />
      </MissingDependency>
      <MissingDependency>
        <Required type="bot" displayName="cr9dd_chatBotVerisureCapstonentQmmw" solution="Active" id.schemaname="cr9dd_chatBotVerisureCapstonentQmmw" />
        <Dependent type="bot_botcomponent" displayName="botcomponentid.schemaname=new_topic_84f67c4534bf4c22b68ebeca4eeb4d3c,botid.schemaname=cr9dd_chatBotVerisureCapstonentQmmw" id.botcomponentid.schemaname="new_topic_84f67c4534bf4c22b68ebeca4eeb4d3c" id.botid.schemaname="cr9dd_chatBotVerisureCapstonentQmmw" />
      </MissingDependency>
      <MissingDependency>
        <Required type="bot" displayName="cr9dd_chatBotVerisureCapstonentQmmw" solution="Active" id.schemaname="cr9dd_chatBotVerisureCapstonentQmmw" />
        <Dependent type="bot_botcomponent" displayName="botcomponentid.schemaname=new_topic_a912889460e74a158cda8f1191e0febc,botid.schemaname=cr9dd_chatBotVerisureCapstonentQmmw" id.botcomponentid.schemaname="new_topic_a912889460e74a158cda8f1191e0febc" id.botid.schemaname="cr9dd_chatBotVerisureCapstonentQmmw" />
      </MissingDependency>
      <MissingDependency>
        <Required type="bot" displayName="cr9dd_chatBotVerisureCapstonentQmmw" solution="Active" id.schemaname="cr9dd_chatBotVerisureCapstonentQmmw" />
        <Dependent type="bot_botcomponent" displayName="botcomponentid.schemaname=new_topic_c5b1300f0a6fef11a6706045bd399600_3d2584ec30914684839527e05e7be172_thankyou,botid.schemaname=cr9dd_chatBotVerisureCapstonentQmmw" id.botcomponentid.schemaname="new_topic_c5b1300f0a6fef11a6706045bd399600_3d2584ec30914684839527e05e7be172_thankyou" id.botid.schemaname="cr9dd_chatBotVerisureCapstonentQmmw" />
      </MissingDependency>
      <MissingDependency>
        <Required type="bot" displayName="cr9dd_chatBotVerisureCapstonentQmmw" solution="Active" id.schemaname="cr9dd_chatBotVerisureCapstonentQmmw" />
        <Dependent type="bot_botcomponent" displayName="botcomponentid.schemaname=new_topic_c5b1300f0a6fef11a6706045bd399600_8a4964498f83424bb3a86295bf7d0952_startover,botid.schemaname=cr9dd_chatBotVerisureCapstonentQmmw" id.botcomponentid.schemaname="new_topic_c5b1300f0a6fef11a6706045bd399600_8a4964498f83424bb3a86295bf7d0952_startover" id.botid.schemaname="cr9dd_chatBotVerisureCapstonentQmmw" />
      </MissingDependency>
      <MissingDependency>
        <Required type="bot" displayName="cr9dd_chatBotVerisureCapstonentQmmw" solution="Active" id.schemaname="cr9dd_chatBotVerisureCapstonentQmmw" />
        <Dependent type="bot_botcomponent" displayName="botcomponentid.schemaname=new_topic_c5b1300f0a6fef11a6706045bd399600_954135cafcd647eaae5999ad91fc08cf_talktoagent,botid.schemaname=cr9dd_chatBotVerisureCapstonentQmmw" id.botcomponentid.schemaname="new_topic_c5b1300f0a6fef11a6706045bd399600_954135cafcd647eaae5999ad91fc08cf_talktoagent" id.botid.schemaname="cr9dd_chatBotVerisureCapstonentQmmw" />
      </MissingDependency>
      <MissingDependency>
        <Required type="bot" displayName="cr9dd_chatBotVerisureCapstonentQmmw" solution="Active" id.schemaname="cr9dd_chatBotVerisureCapstonentQmmw" />
        <Dependent type="bot_botcomponent" displayName="botcomponentid.schemaname=new_topic_c5b1300f0a6fef11a6706045bd399600_aeabea4d071f415c8c107e1cb7af5424_assumedsuccess,botid.schemaname=cr9dd_chatBotVerisureCapstonentQmmw" id.botcomponentid.schemaname="new_topic_c5b1300f0a6fef11a6706045bd399600_aeabea4d071f415c8c107e1cb7af5424_assumedsuccess" id.botid.schemaname="cr9dd_chatBotVerisureCapstonentQmmw" />
      </MissingDependency>
      <MissingDependency>
        <Required type="bot" displayName="cr9dd_chatBotVerisureCapstonentQmmw" solution="Active" id.schemaname="cr9dd_chatBotVerisureCapstonentQmmw" />
        <Dependent type="bot_botcomponent" displayName="botcomponentid.schemaname=new_topic_c5b1300f0a6fef11a6706045bd399600_ba7b967c97ba4c39bca58a8bb6a72d59_conversationstart,botid.schemaname=cr9dd_chatBotVerisureCapstonentQmmw" id.botcomponentid.schemaname="new_topic_c5b1300f0a6fef11a6706045bd399600_ba7b967c97ba4c39bca58a8bb6a72d59_conversationstart" id.botid.schemaname="cr9dd_chatBotVerisureCapstonentQmmw" />
      </MissingDependency>
      <MissingDependency>
        <Required type="bot" displayName="cr9dd_chatBotVerisureCapstonentQmmw" solution="Active" id.schemaname="cr9dd_chatBotVerisureCapstonentQmmw" />
        <Dependent type="bot_botcomponent" displayName="botcomponentid.schemaname=new_topic_c5b1300f0a6fef11a6706045bd399600_d2198a5ee41a48a5bf70ab8970145a9f_confirmedfailure,botid.schemaname=cr9dd_chatBotVerisureCapstonentQmmw" id.botcomponentid.schemaname="new_topic_c5b1300f0a6fef11a6706045bd399600_d2198a5ee41a48a5bf70ab8970145a9f_confirmedfailure" id.botid.schemaname="cr9dd_chatBotVerisureCapstonentQmmw" />
      </MissingDependency>
      <MissingDependency>
        <Required type="bot" displayName="cr9dd_chatBotVerisureCapstonentQmmw" solution="Active" id.schemaname="cr9dd_chatBotVerisureCapstonentQmmw" />
        <Dependent type="bot_botcomponent" displayName="botcomponentid.schemaname=new_topic_c5b1300f0a6fef11a6706045bd399600_db1f76b081dc43389df9dd2df7518737_confirmedsuccess,botid.schemaname=cr9dd_chatBotVerisureCapstonentQmmw" id.botcomponentid.schemaname="new_topic_c5b1300f0a6fef11a6706045bd399600_db1f76b081dc43389df9dd2df7518737_confirmedsuccess" id.botid.schemaname="cr9dd_chatBotVerisureCapstonentQmmw" />
      </MissingDependency>
      <MissingDependency>
        <Required type="bot" displayName="cr9dd_chatBotVerisureCapstonentQmmw" solution="Active" id.schemaname="cr9dd_chatBotVerisureCapstonentQmmw" />
        <Dependent type="bot_botcomponent" displayName="botcomponentid.schemaname=new_topic_c5b1300f0a6fef11a6706045bd399600_f56d1a3e522740c78f9fac0939332dbd_goodbye,botid.schemaname=cr9dd_chatBotVerisureCapstonentQmmw" id.botcomponentid.schemaname="new_topic_c5b1300f0a6fef11a6706045bd399600_f56d1a3e522740c78f9fac0939332dbd_goodbye" id.botid.schemaname="cr9dd_chatBotVerisureCapstonentQmmw" />
      </MissingDependency>
      <MissingDependency>
        <Required type="bot" displayName="cr9dd_chatBotVerisureCapstonentQmmw" solution="Active" id.schemaname="cr9dd_chatBotVerisureCapstonentQmmw" />
        <Dependent type="bot_botcomponent" displayName="botcomponentid.schemaname=new_topic_d2b01c97294746f2aae12b760954769b,botid.schemaname=cr9dd_chatBotVerisureCapstonentQmmw" id.botcomponentid.schemaname="new_topic_d2b01c97294746f2aae12b760954769b" id.botid.schemaname="cr9dd_chatBotVerisureCapstonentQmmw" />
      </MissingDependency>
      <MissingDependency>
        <Required type="bot" displayName="cr9dd_chatBotVerisureCapstonentQmmw" solution="Active" id.schemaname="cr9dd_chatBotVerisureCapstonentQmmw" />
        <Dependent type="bot_botcomponent" displayName="botcomponentid.schemaname=new_topic_d6d4a2b79c8c458f98f1005b77c51431,botid.schemaname=cr9dd_chatBotVerisureCapstonentQmmw" id.botcomponentid.schemaname="new_topic_d6d4a2b79c8c458f98f1005b77c51431" id.botid.schemaname="cr9dd_chatBotVerisureCapstonentQmmw" />
      </MissingDependency>
    </MissingDependencies>
  </SolutionManifest>
</ImportExportXml>