{"Version":null,"BotDisplayName":null,"AppInsightsInstrumentationKey":null,"AuthenticationMode":"Unspecified","AuthenticationTrigger":"AsNeeded","Intents":[{"kind":"Default","EndUserOverrideName":"Necesito mis liquidaciones","AvailableInChannels":[],"SystemIntentTypes":[],"extractVariableIds":[],"confirmVariableIds":[],"IntentType":"Regular","TriggerQueries":["¿Qué debo hacer si necesito la liquidación de sueldo de un mes específico?","¿Cómo puedo solicitar la liquidación de sueldo de un mes recientemente remunerado?","¿Qué pasos seguir para obtener la liquidación de sueldo de un mes determinado?","¿Cómo solicitar una copia de mi liquidación de sueldo para un mes reciente?","¿Qué hacer si necesito la liquidación de sueldo de un mes específico que no tengo?","¿Cómo obtener la liquidación de sueldo de un mes recién remunerado?","¿Qué debo hacer para recibir la liquidación de sueldo de un mes específico?","¿Cómo proceder si necesito la liquidación de sueldo de un mes reciente?","¿Qué pasos debo seguir para solicitar la liquidación de sueldo de un mes determinado?","¿Cómo puedo conseguir la liquidación de sueldo de un mes específico?","¿Qué hacer si no tengo la liquidación de sueldo de un mes reciente y la necesito?","¿Cómo solicitar la liquidación de sueldo de un mes recién remunerado a mi empleador?","¿Qué opciones tengo para obtener la liquidación de sueldo de un mes específico?","¿Cómo proceder para que me envíen la liquidación de sueldo de un mes reciente?","¿Qué pasos seguir si necesito la liquidación de sueldo de un mes pasado?","¿Cómo solicitar a recursos humanos la liquidación de sueldo de un mes reciente?","¿Qué debo hacer si necesito la liquidación de sueldo de un mes específico para mis registros?","¿Cómo puedo obtener la liquidación de sueldo de un mes que recién se pagó?","¿Qué hacer si no he recibido la liquidación de sueldo de un mes reciente y la necesito?","¿Cómo gestionar la solicitud de la liquidación de sueldo de un mes específico?","¿Qué pasos seguir para pedir la liquidación de sueldo de un mes determinado a la empresa?","¿Cómo solicitar una copia de la liquidación de sueldo de un mes reciente?","¿Qué debo hacer si necesito una liquidación de sueldo de un mes reciente que no tengo?","¿Cómo obtener la liquidación de sueldo de un mes pasado que no me han enviado?","¿Qué hacer si no tengo la liquidación de sueldo de un mes reciente y necesito una copia?","¿Cómo proceder para solicitar la liquidación de sueldo de un mes específico que no he recibido?","¿Qué opciones tengo para conseguir la liquidación de sueldo de un mes recientemente remunerado?","¿Cómo gestionar la solicitud de la liquidación de sueldo de un mes reciente a la empresa?","¿Qué hacer si necesito la liquidación de sueldo de un mes específico para trámites?","¿Cómo solicitar a la empresa la liquidación de sueldo de un mes que no he recibido?","¿Qué pasos debo seguir para que me proporcionen la liquidación de sueldo de un mes reciente?","¿Cómo obtener la liquidación de sueldo de un mes determinado que aún no he recibido?","¿Qué debo hacer si no tengo la liquidación de sueldo de un mes pasado y la necesito?","¿Cómo puedo solicitar la liquidación de sueldo de un mes reciente que no me ha llegado?","¿Qué hacer si la liquidación de sueldo de un mes reciente no está disponible y la necesito?","¿Cómo proceder si necesito la liquidación de sueldo de un mes pasado para mis registros?","¿Qué pasos seguir para conseguir la liquidación de sueldo de un mes específico que falta?","¿Cómo solicitar una copia de la liquidación de sueldo de un mes reciente a mi empleador?","¿Qué debo hacer si no tengo la liquidación de sueldo de un mes reciente y la necesito urgentemente?","¿Cómo gestionar la solicitud de la liquidación de sueldo de un mes que se acaba de pagar?","¿Qué hacer si necesito mis liquidaciones de sueldo?"],"DialogId":"new_topic_2c3caf9f43044b7ba6dd5999e1ec913c","IsTriggeringEnabled":true,"CanTriggeringBeDisabled":true,"category":null,"Id":"new_topic_2c3caf9f43044b7ba6dd5999e1ec913c","DisplayName":"Necesito mis liquidaciones","Description":"Necesito mis liquidaciones","ShareContext":{},"CreatedTime":"2024-09-10T17:14:15.9395505Z","UpdatedTime":"2024-09-24T15:43:53.1677906Z","CreatedUserId":"d9dbef25-8725-4cad-9128-9be1542a720c","UpdatedUserId":"d9dbef25-8725-4cad-9128-9be1542a720c","IsManaged":false,"IsCustomizable":true,"Etag":"W/\"658145\"","VersionNumber":0,"ComponentId":"00000000-0000-0000-0000-000000000000"}],"ObiIntents":[],"NamedEntities":[],"Dialogs":[{"RootNodeId":"ac045aba-3420-44ed-9a5b-98da56d28498","DialogType":"Regular","MessageNodes":[{"BotMessageId":"b962529c-1f7c-4bf8-bf97-7411beb09861","NodeType":"BotMessageNode","Id":"ac045aba-3420-44ed-9a5b-98da56d28498","Routes":[],"DefaultTargetNodeId":"f6f6380d-ccd0-4d71-a4a0-23db615b7b4b"},{"BotMessageId":"f4ef8abb-84a8-4b84-bae0-274b935a1ed8","NodeType":"BotMessageNode","Id":"f6f6380d-ccd0-4d71-a4a0-23db615b7b4b","Routes":[],"DefaultTargetNodeId":"6d0917c7-ce63-42ab-8f88-3eb94e9f1c26"},{"BotMessageId":"553ade61-fc6f-4d8e-bc08-0648b71c3c78","NodeType":"BotMessageNode","Id":"6d0917c7-ce63-42ab-8f88-3eb94e9f1c26","Routes":[],"DefaultTargetNodeId":"9a9000fb-3aa2-4c92-bf4e-eb14968abe93"},{"BotMessageId":"30b11a8e-32fa-4c08-97b6-cea3ad7cdd0b","NodeType":"BotMessageNode","Id":"9a9000fb-3aa2-4c92-bf4e-eb14968abe93","Routes":[],"DefaultTargetNodeId":"7f9d3d46-64cb-49d7-afa8-3a827e0aef27"},{"BotMessageId":"670a9ab7-2105-4921-a988-21adbe1fdec5","NodeType":"BotMessageNode","Id":"7f9d3d46-64cb-49d7-afa8-3a827e0aef27","Routes":[],"DefaultTargetNodeId":"9b68b757-fd04-417d-86d3-00e9a076f406"},{"BotMessageId":"b519efb1-a099-49c8-ba4f-6835bd1e07ca","NodeType":"BotMessageNode","Id":"9b68b757-fd04-417d-86d3-00e9a076f406","Routes":[],"DefaultTargetNodeId":"8249dffa-7f99-4764-894d-038d770b667c"}],"ActionNodes":[],"DialogChangeNodes":[{"TargetDialogId":"new_topic_c5b1300f0a6fef11a6706045bd399600_aeabea4d071f415c8c107e1cb7af5424_assumedsuccess","NodeType":"DialogChangeNode","InputParameterVariableIdMap":{},"OutputExpressionVariableIds":[],"Id":"8249dffa-7f99-4764-894d-038d770b667c","Routes":[],"DefaultTargetNodeId":null}],"QuestionNodes":[],"AgentTransferNodes":[],"LoginNodes":[],"Id":"new_topic_2c3caf9f43044b7ba6dd5999e1ec913c","DisplayName":"Untitled","Description":null,"ShareContext":{},"CreatedTime":"2024-09-10T17:14:15.939549Z","UpdatedTime":"2024-09-24T15:43:53.1677896Z","CreatedUserId":"d9dbef25-8725-4cad-9128-9be1542a720c","UpdatedUserId":"d9dbef25-8725-4cad-9128-9be1542a720c","IsManaged":false,"IsCustomizable":true,"Etag":"W/\"658145\"","VersionNumber":0,"ComponentId":"00000000-0000-0000-0000-000000000000"}],"ObiDialogs":[],"DialogSchemas":[],"BotMessages":[{"ChannelContent":{"web":{"ContentFormat":"Markdown","Content":"**Consulta de liquidaciones de sueldo en ADP Payroll:**\n\nDesde el momento en que te uniste a Verisure, todas tus liquidaciones de sueldo están disponibles en la plataforma **ADP Payroll**. A continuación, te explicamos cómo acceder a tus liquidaciones de manera sencilla:"}},"Id":"b962529c-1f7c-4bf8-bf97-7411beb09861","DisplayName":null,"Description":null,"ShareContext":{},"CreatedTime":"2024-09-10T16:49:13.737Z","UpdatedTime":"2024-09-10T16:49:13.737Z","CreatedUserId":null,"UpdatedUserId":null,"IsManaged":false,"IsCustomizable":true,"Etag":"W/\"658145\"","VersionNumber":0,"ComponentId":"00000000-0000-0000-0000-000000000000"},{"ChannelContent":{"web":{"ContentFormat":"Markdown","Content":"**1.- Acceso a la plataforma**\n\nPara ingresar a la plataforma ADP Payroll y consultar tus liquidaciones de sueldo, debes utilizar el siguiente acceso:\n\n*   [ADP Payroll](https://expert.cloud.adpsoluciones.com/Expert/inicio/ini/Login.aspx?ReturnUrl=%2fexpert%2f)\n*   **Consejo**: Guarda este enlace en tus favoritos para un acceso más rápido en el futuro."}},"Id":"f4ef8abb-84a8-4b84-bae0-274b935a1ed8","DisplayName":null,"Description":null,"ShareContext":{},"CreatedTime":"2024-09-13T13:06:02.321Z","UpdatedTime":"2024-09-13T13:06:02.321Z","CreatedUserId":"user-0","UpdatedUserId":"user-0","IsManaged":false,"IsCustomizable":true,"Etag":"W/\"658145\"","VersionNumber":0,"ComponentId":"00000000-0000-0000-0000-000000000000"},{"ChannelContent":{"web":{"ContentFormat":"Markdown","Content":"**2.- Cómo ingresar tus credenciales**\n\nAl abrir el enlace, verás una pantalla de inicio de sesión similar a la que se muestra a continuación:\n\n*   Debes seleccionar **VERISURE** en el primer campo desplegable.\n*   **Empresa**: También deberás ingresar **VERISURE** como el nombre de la empresa.\n*   **Organización**: En el campo correspondiente a la organización, ingresa **ADPCL**.\n*   **Usuario:** Ingresa tu usuario en el campo.\n*   **Contraseña**: Ingresa tu contraseña personal en el último campo.\n\nUna vez que hayas ingresado todos estos datos, haz clic en el botón **Entrar**."}},"Id":"553ade61-fc6f-4d8e-bc08-0648b71c3c78","DisplayName":null,"Description":null,"ShareContext":{},"CreatedTime":"2024-09-13T13:06:05.342Z","UpdatedTime":"2024-09-13T13:06:05.342Z","CreatedUserId":"user-0","UpdatedUserId":"user-0","IsManaged":false,"IsCustomizable":true,"Etag":"W/\"658145\"","VersionNumber":0,"ComponentId":"00000000-0000-0000-0000-000000000000"},{"ChannelContent":{"web":{"ContentFormat":"Markdown","Content":"**3.- ¿Olvidaste tu clave?**\n\nSi no recuerdas tu contraseña, no te preocupes. Debajo del formulario de inicio de sesión, verás una opción que dice **¿Ha olvidado su Clave?**. \n\nHaz clic en el enlace correspondiente para recuperar tu contraseña y seguir el proceso de restablecimiento."}},"Id":"30b11a8e-32fa-4c08-97b6-cea3ad7cdd0b","DisplayName":null,"Description":null,"ShareContext":{},"CreatedTime":"2024-09-13T13:06:08.462Z","UpdatedTime":"2024-09-13T13:06:08.462Z","CreatedUserId":"user-0","UpdatedUserId":"user-0","IsManaged":false,"IsCustomizable":true,"Etag":"W/\"658145\"","VersionNumber":0,"ComponentId":"00000000-0000-0000-0000-000000000000"},{"ChannelContent":{"web":{"ContentFormat":"Markdown","Content":"**4.- Consulta y descarga de liquidaciones**\n\nDespués de ingresar, podrás ver todas tus liquidaciones de sueldo desde tu ingreso a la compañía. \n\nEstas se encuentran organizadas por fecha, y podrás descargarlas en formato PDF o imprimirlas directamente desde la plataforma."}},"Id":"670a9ab7-2105-4921-a988-21adbe1fdec5","DisplayName":null,"Description":null,"ShareContext":{},"CreatedTime":"2024-09-13T13:06:10.463Z","UpdatedTime":"2024-09-13T13:06:10.463Z","CreatedUserId":"user-0","UpdatedUserId":"user-0","IsManaged":false,"IsCustomizable":true,"Etag":"W/\"658145\"","VersionNumber":0,"ComponentId":"00000000-0000-0000-0000-000000000000"},{"ChannelContent":{"web":{"ContentFormat":"Markdown","Content":"**Recuerda que si encuentras algún problema durante el proceso de acceso, puedes contactar al equipo de soporte de recursos humanos para obtener ayuda adicional.** \n\n**¡Estamos aquí para asistirte!**"}},"Id":"b519efb1-a099-49c8-ba4f-6835bd1e07ca","DisplayName":null,"Description":null,"ShareContext":{},"CreatedTime":"2024-09-13T13:06:13.131Z","UpdatedTime":"2024-09-13T13:06:13.131Z","CreatedUserId":"user-0","UpdatedUserId":"user-0","IsManaged":false,"IsCustomizable":true,"Etag":"W/\"658145\"","VersionNumber":0,"ComponentId":"00000000-0000-0000-0000-000000000000"}],"ActionDefinitions":[],"LoginActions":[],"ContextVariables":[],"Skills":[],"CreatedUtc":"0001-01-01T00:00:00","ComponentDeltaToken":null,"ClosedListTypes":[],"ExampleBasedTypes":[],"RegexTypes":[],"JsonTypes":[],"OpenListTypes":[],"SystemIntentIds":{},"SystemVariableIds":{},"SystemNamedEntityIds":{},"Configuration":{"categories":[],"channels":[],"settings":{},"publishOnCreate":false,"isLightweightBot":false},"ObiContent":{},"ObiTracingMetadata":null,"SchemaNameToComponentId":{}}