{
  "intents": [
    {
      "systemIntentTypes": [
        "Thankyou"
      ],
      "intentType": "System",
      "triggerQueries": [
        "gracias",
        "¡gracias!",
        "muchas gracias",
        "grcs"
      ],
      "dialogId": "new_topic_c5b1300f0a6fef11a6706045bd399600_3d2584ec30914684839527e05e7be172_thankyou",
      "isTriggeringEnabled": true,
      "id": "new_topic_c5b1300f0a6fef11a6706045bd399600_3d2584ec30914684839527e05e7be172_thankyou",
      "displayName": "Muchas gracias",
      "description": "Intención del sistema: Agradecimiento",
      "createdTime": "2019-01-15T00:00:00Z",
      "updatedTime": "2019-01-15T00:00:00Z",
      "createdUserId": "user0",
      "updatedUserId": "user0"
    }
  ],
  "dialogs": [
    {
      "rootNodeId": "6c46869b-e8cd-4e1a-a80c-9d73e61d71b5",
      "dialogType": "System",
      "messageNodes": [
        {
          "botMessageId": "cff8bb49-7ed4-4552-a6e6-714279f5f24c",
          "nodeType": "BotMessageNode",
          "id": "6c46869b-e8cd-4e1a-a80c-9d73e61d71b5"
        }
      ],
      "id": "new_topic_c5b1300f0a6fef11a6706045bd399600_3d2584ec30914684839527e05e7be172_thankyou",
      "displayName": "Diálogo para Agradecimiento",
      "createdTime": "2019-01-15T00:00:00Z",
      "updatedTime": "2019-01-15T00:00:00Z",
      "createdUserId": "user0",
      "updatedUserId": "user0"
    }
  ],
  "botMessages": [
    {
      "channelContent": {
        "web": {
          "contentFormat": "Markdown",
          "content": "¡De nada!"
        }
      },
      "id": "cff8bb49-7ed4-4552-a6e6-714279f5f24c",
      "createdTime": "2019-01-15T00:00:00Z",
      "updatedTime": "2019-01-15T00:00:00Z",
      "createdUserId": "user0",
      "updatedUserId": "user0"
    }
  ]
}