<botcomponent schemaname="cre0e_pruebaChatBotVerisurePrivada.topic.Signin">
  <componenttype>9</componenttype>
  <description>Este tema del sistema se desencadena cuando el bot necesita iniciar sesión en el usuario o pedir al usuario que inicie sesión</description>
  <iscustomizable>0</iscustomizable>
  <name>Iniciar sesión </name>
  <parentbotid>
    <schemaname>cre0e_pruebaChatBotVerisurePrivada</schemaname>
  </parentbotid>
  <statecode>1</statecode>
  <statuscode>2</statuscode>
</botcomponent>