{"Version":null,"BotDisplayName":null,"AppInsightsInstrumentationKey":null,"AuthenticationMode":"Unspecified","AuthenticationTrigger":"AsNeeded","Intents":[{"kind":"Default","EndUserOverrideName":"Copia de contrato","AvailableInChannels":[],"SystemIntentTypes":[],"extractVariableIds":[],"confirmVariableIds":[],"IntentType":"Regular","TriggerQueries":["¿Qué debo hacer si necesito una copia de mi contrato de trabajo?","¿Cómo puedo obtener una copia de mi contrato de trabajo?","¿Qué pasos seguir para solicitar una copia de mi contrato laboral?","¿Cómo solicitar una copia de mi contrato de trabajo a la empresa?","¿Qué hacer si quiero conseguir una copia de mi contrato de trabajo?","¿Cómo proceder para obtener una copia de mi contrato laboral?","¿Dónde puedo pedir una copia de mi contrato de trabajo?","¿Qué debo hacer si necesito una copia de mi contrato laboral para mis registros?","¿Cómo puedo obtener una copia de mi contrato de trabajo si la perdí?","¿Qué pasos debo seguir para recibir una copia de mi contrato de trabajo?","¿Cómo solicitar formalmente una copia de mi contrato de trabajo?","¿Qué hacer si necesito una copia de mi contrato laboral y no sé cómo solicitarla?","¿Cómo puedo pedir a mi empleador una copia de mi contrato de trabajo?","¿Qué opciones tengo si necesito una copia de mi contrato de trabajo?","¿Cómo obtener una copia de mi contrato de trabajo si no tengo una digital?","¿Qué debo hacer para que me proporcionen una copia de mi contrato laboral?","¿Cómo proceder si necesito una copia física de mi contrato de trabajo?","¿Qué pasos seguir si necesito una copia de mi contrato de trabajo y no la encuentro?","¿Cómo puedo solicitar una copia de mi contrato de trabajo de manera eficiente?","¿Qué hacer si mi empresa no me ha dado una copia de mi contrato de trabajo?","¿Cómo puedo obtener una copia de mi contrato de trabajo si la empresa no responde?","¿Qué debo hacer si necesito una copia de mi contrato laboral y la empresa no me la proporciona?","¿Cómo proceder para obtener una copia de mi contrato de trabajo en caso de pérdida?","¿Qué hacer si no tengo una copia de mi contrato de trabajo y la necesito?","¿Cómo solicitar a recursos humanos una copia de mi contrato de trabajo?","¿Qué pasos debo seguir para obtener una copia de mi contrato de trabajo en formato digital?","¿Cómo obtener una copia de mi contrato de trabajo para fines legales?","¿Qué hacer si no tengo la copia de mi contrato laboral y la requiero urgentemente?","¿Cómo proceder para conseguir una copia de mi contrato de trabajo de forma rápida?","¿Qué debo hacer para recibir una copia de mi contrato laboral si no la tengo?","¿Cómo puedo obtener una copia de mi contrato de trabajo si no la recibí al inicio?","¿Qué pasos seguir para solicitar una copia de mi contrato de trabajo si la empresa no la proporciona?","¿Cómo obtener una copia de mi contrato laboral a través de mi empleador?","¿Qué hacer si necesito una copia de mi contrato de trabajo para trámites administrativos?","¿Cómo solicitar a mi empresa una copia de mi contrato de trabajo si la perdí?","¿Qué debo hacer si necesito una copia de mi contrato de trabajo para presentar en una institución?","¿Cómo puedo obtener una copia de mi contrato de trabajo si la empresa no tiene copia digital?","¿Qué hacer si la empresa no ha entregado una copia de mi contrato de trabajo?","¿Cómo puedo gestionar la solicitud de una copia de mi contrato de trabajo?","¿Qué pasos debo seguir para que me proporcionen una copia de mi contrato laboral?","¿Qué hacer si necesito una copia de mi contrato de trabajo?"],"DialogId":"new_topic_d2b01c97294746f2aae12b760954769b","IsTriggeringEnabled":true,"CanTriggeringBeDisabled":true,"category":null,"Id":"new_topic_d2b01c97294746f2aae12b760954769b","DisplayName":"Copia de contrato","Description":"Copia de contrato","ShareContext":{},"CreatedTime":"2024-09-10T16:46:06.3745274Z","UpdatedTime":"2024-09-24T15:41:44.7981011Z","CreatedUserId":"d9dbef25-8725-4cad-9128-9be1542a720c","UpdatedUserId":"d9dbef25-8725-4cad-9128-9be1542a720c","IsManaged":false,"IsCustomizable":true,"Etag":"W/\"658108\"","VersionNumber":0,"ComponentId":"00000000-0000-0000-0000-000000000000"}],"ObiIntents":[],"NamedEntities":[],"Dialogs":[{"RootNodeId":"2a4c7d7f-0b42-4e6c-80bf-675fa3306249","DialogType":"Regular","MessageNodes":[{"BotMessageId":"ba722597-02d1-4381-b4b6-d2760a74d0e4","NodeType":"BotMessageNode","Id":"2a4c7d7f-0b42-4e6c-80bf-675fa3306249","Routes":[],"DefaultTargetNodeId":"8eca8f25-3781-4a10-880c-2fcda54c278f"},{"BotMessageId":"fc1e3033-46a9-4890-be7d-e12e6b1b9e85","NodeType":"BotMessageNode","Id":"8eca8f25-3781-4a10-880c-2fcda54c278f","Routes":[],"DefaultTargetNodeId":"ef9f3bb9-e5dc-44b4-a480-cc49a0538319"},{"BotMessageId":"6cdc56c0-12a7-4e9d-b0fb-192a7cb8259a","NodeType":"BotMessageNode","Id":"ef9f3bb9-e5dc-44b4-a480-cc49a0538319","Routes":[],"DefaultTargetNodeId":"aeea1066-4671-4257-98dd-9ba617e1ff7f"}],"ActionNodes":[],"DialogChangeNodes":[{"TargetDialogId":"new_topic_c5b1300f0a6fef11a6706045bd399600_aeabea4d071f415c8c107e1cb7af5424_assumedsuccess","NodeType":"DialogChangeNode","InputParameterVariableIdMap":{},"OutputExpressionVariableIds":[],"Id":"aeea1066-4671-4257-98dd-9ba617e1ff7f","Routes":[],"DefaultTargetNodeId":null}],"QuestionNodes":[],"AgentTransferNodes":[],"LoginNodes":[],"Id":"new_topic_d2b01c97294746f2aae12b760954769b","DisplayName":"Untitled","Description":null,"ShareContext":{},"CreatedTime":"2024-09-10T16:46:06.374526Z","UpdatedTime":"2024-09-24T15:41:44.7980987Z","CreatedUserId":"d9dbef25-8725-4cad-9128-9be1542a720c","UpdatedUserId":"d9dbef25-8725-4cad-9128-9be1542a720c","IsManaged":false,"IsCustomizable":true,"Etag":"W/\"658108\"","VersionNumber":0,"ComponentId":"00000000-0000-0000-0000-000000000000"}],"ObiDialogs":[],"DialogSchemas":[],"BotMessages":[{"ChannelContent":{"web":{"ContentFormat":"Markdown","Content":"La copia de tu contrato la puedes encontrar en la plataforma de firma [DEC5](https://5.dec.cl/auth)."}},"Id":"ba722597-02d1-4381-b4b6-d2760a74d0e4","DisplayName":null,"Description":null,"ShareContext":{},"CreatedTime":"2024-09-10T16:37:05.673Z","UpdatedTime":"2024-09-10T16:37:05.673Z","CreatedUserId":null,"UpdatedUserId":null,"IsManaged":false,"IsCustomizable":true,"Etag":"W/\"658108\"","VersionNumber":0,"ComponentId":"00000000-0000-0000-0000-000000000000"},{"ChannelContent":{"web":{"ContentFormat":"Markdown","Content":"Puedes descargar la copia en la sección de 'Documentos firmados'."}},"Id":"fc1e3033-46a9-4890-be7d-e12e6b1b9e85","DisplayName":null,"Description":null,"ShareContext":{},"CreatedTime":"2024-09-13T17:52:41.512Z","UpdatedTime":"2024-09-13T17:52:41.512Z","CreatedUserId":"user-0","UpdatedUserId":"user-0","IsManaged":false,"IsCustomizable":true,"Etag":"W/\"658108\"","VersionNumber":0,"ComponentId":"00000000-0000-0000-0000-000000000000"},{"ChannelContent":{"web":{"ContentFormat":"Markdown","Content":"De esta forma, tendrás acceso a tu contrato de trabajo cuando lo necesites."}},"Id":"6cdc56c0-12a7-4e9d-b0fb-192a7cb8259a","DisplayName":null,"Description":null,"ShareContext":{},"CreatedTime":"2024-09-13T17:52:59.128Z","UpdatedTime":"2024-09-13T17:52:59.128Z","CreatedUserId":"user-0","UpdatedUserId":"user-0","IsManaged":false,"IsCustomizable":true,"Etag":"W/\"658108\"","VersionNumber":0,"ComponentId":"00000000-0000-0000-0000-000000000000"}],"ActionDefinitions":[],"LoginActions":[],"ContextVariables":[],"Skills":[],"CreatedUtc":"0001-01-01T00:00:00","ComponentDeltaToken":null,"ClosedListTypes":[],"ExampleBasedTypes":[],"RegexTypes":[],"JsonTypes":[],"OpenListTypes":[],"SystemIntentIds":{},"SystemVariableIds":{},"SystemNamedEntityIds":{},"Configuration":{"categories":[],"channels":[],"settings":{},"publishOnCreate":false,"isLightweightBot":false},"ObiContent":{},"ObiTracingMetadata":null,"SchemaNameToComponentId":{}}