{
  "namedEntities": [
    {
      "synonyms": [
        "home"
      ],
      "id": "ff0ca6dd-de7a-4bee-b849-16210d63f3c5",
      "displayName": "Usuario doméstico",
      "updatedTime": "2024-09-10T00:17:45.0961742Z",
      "updatedUserId": "22042e0f-c763-4107-af21-6b60784fc7ea"
    },
    {
      "synonyms": [
        "gaming"
      ],
      "id": "2ccf421b-89a6-43a8-8b4f-b8d8f63b58bf",
      "displayName": "Jugador",
      "updatedTime": "2024-09-10T00:17:45.0961742Z",
      "updatedUserId": "22042e0f-c763-4107-af21-6b60784fc7ea"
    },
    {
      "synonyms": [
        "business"
      ],
      "id": "2d32734c-9552-47c5-963b-563fe1d9ea7e",
      "displayName": "Usuario profesional",
      "updatedTime": "2024-09-10T00:17:45.0961742Z",
      "updatedUserId": "22042e0f-c763-4107-af21-6b60784fc7ea"
    }
  ],
  "closedListTypes": [
    {
      "namedEntities": [
        "ff0ca6dd-de7a-4bee-b849-16210d63f3c5",
        "2ccf421b-89a6-43a8-8b4f-b8d8f63b58bf",
        "2d32734c-9552-47c5-963b-563fe1d9ea7e"
      ],
      "smartMatchingEnabled": true,
      "customTypeSchema": "ClosedList",
      "id": "new_customtype_c5b1300f0a6fef11a6706045bd399600_f86fcadfd497444e91ed11c12b059d10",
      "displayName": "Tipo de uso",
      "description": "Lección 4 Entidad del tipo de uso",
      "createdTime": "2019-10-25T14:03:43.9601778Z",
      "updatedTime": "2024-09-10T00:17:45.0961742Z",
      "createdUserId": "user0",
      "updatedUserId": "22042e0f-c763-4107-af21-6b60784fc7ea"
    }
  ]
}