<botcomponent_botcomponentset>
  <botcomponent_botcomponent botcomponentidone.schemaname="new_topic_0e6021c50a4a423ea531df40d40e6267" botcomponentidtwo.schemaname="new_topic_c5b1300f0a6fef11a6706045bd399600_aeabea4d071f415c8c107e1cb7af5424_assumedsuccess">
    <iscustomizable>1</iscustomizable>
  </botcomponent_botcomponent>
  <botcomponent_botcomponent botcomponentidone.schemaname="new_topic_23c0bf3575934151ae49e95ef1c42148" botcomponentidtwo.schemaname="new_topic_c5b1300f0a6fef11a6706045bd399600_aeabea4d071f415c8c107e1cb7af5424_assumedsuccess">
    <iscustomizable>1</iscustomizable>
  </botcomponent_botcomponent>
  <botcomponent_botcomponent botcomponentidone.schemaname="new_topic_2c3caf9f43044b7ba6dd5999e1ec913c" botcomponentidtwo.schemaname="new_topic_c5b1300f0a6fef11a6706045bd399600_aeabea4d071f415c8c107e1cb7af5424_assumedsuccess">
    <iscustomizable>1</iscustomizable>
  </botcomponent_botcomponent>
  <botcomponent_botcomponent botcomponentidone.schemaname="new_topic_70f582d8d8ec4b3993c1a95a5243ebd3" botcomponentidtwo.schemaname="new_topic_c5b1300f0a6fef11a6706045bd399600_aeabea4d071f415c8c107e1cb7af5424_assumedsuccess">
    <iscustomizable>1</iscustomizable>
  </botcomponent_botcomponent>
  <botcomponent_botcomponent botcomponentidone.schemaname="new_topic_80e6df0e30124912b4387ade7fb29cd0" botcomponentidtwo.schemaname="new_topic_c5b1300f0a6fef11a6706045bd399600_aeabea4d071f415c8c107e1cb7af5424_assumedsuccess">
    <iscustomizable>1</iscustomizable>
  </botcomponent_botcomponent>
  <botcomponent_botcomponent botcomponentidone.schemaname="new_topic_820e7de7ae01446dbdb3a7be2c3ba284" botcomponentidtwo.schemaname="new_topic_c5b1300f0a6fef11a6706045bd399600_aeabea4d071f415c8c107e1cb7af5424_assumedsuccess">
    <iscustomizable>1</iscustomizable>
  </botcomponent_botcomponent>
  <botcomponent_botcomponent botcomponentidone.schemaname="new_topic_84f67c4534bf4c22b68ebeca4eeb4d3c" botcomponentidtwo.schemaname="new_topic_c5b1300f0a6fef11a6706045bd399600_aeabea4d071f415c8c107e1cb7af5424_assumedsuccess">
    <iscustomizable>1</iscustomizable>
  </botcomponent_botcomponent>
  <botcomponent_botcomponent botcomponentidone.schemaname="new_topic_a912889460e74a158cda8f1191e0febc" botcomponentidtwo.schemaname="new_topic_c5b1300f0a6fef11a6706045bd399600_aeabea4d071f415c8c107e1cb7af5424_assumedsuccess">
    <iscustomizable>1</iscustomizable>
  </botcomponent_botcomponent>
  <botcomponent_botcomponent botcomponentidone.schemaname="new_topic_c5b1300f0a6fef11a6706045bd399600_8a4964498f83424bb3a86295bf7d0952_startover" botcomponentidtwo.schemaname="new_topic_c5b1300f0a6fef11a6706045bd399600_ba7b967c97ba4c39bca58a8bb6a72d59_conversationstart">
    <iscustomizable>1</iscustomizable>
  </botcomponent_botcomponent>
  <botcomponent_botcomponent botcomponentidone.schemaname="new_topic_c5b1300f0a6fef11a6706045bd399600_aeabea4d071f415c8c107e1cb7af5424_assumedsuccess" botcomponentidtwo.schemaname="new_topic_c5b1300f0a6fef11a6706045bd399600_d2198a5ee41a48a5bf70ab8970145a9f_confirmedfailure">
    <iscustomizable>1</iscustomizable>
  </botcomponent_botcomponent>
  <botcomponent_botcomponent botcomponentidone.schemaname="new_topic_c5b1300f0a6fef11a6706045bd399600_aeabea4d071f415c8c107e1cb7af5424_assumedsuccess" botcomponentidtwo.schemaname="new_topic_c5b1300f0a6fef11a6706045bd399600_db1f76b081dc43389df9dd2df7518737_confirmedsuccess">
    <iscustomizable>1</iscustomizable>
  </botcomponent_botcomponent>
  <botcomponent_botcomponent botcomponentidone.schemaname="new_topic_c5b1300f0a6fef11a6706045bd399600_d2198a5ee41a48a5bf70ab8970145a9f_confirmedfailure" botcomponentidtwo.schemaname="new_topic_c5b1300f0a6fef11a6706045bd399600_954135cafcd647eaae5999ad91fc08cf_talktoagent">
    <iscustomizable>1</iscustomizable>
  </botcomponent_botcomponent>
  <botcomponent_botcomponent botcomponentidone.schemaname="new_topic_c5b1300f0a6fef11a6706045bd399600_db1f76b081dc43389df9dd2df7518737_confirmedsuccess" botcomponentidtwo.schemaname="new_customtype_c5b1300f0a6fef11a6706045bd399600_92610204747047ac8f788f7eecd91118">
    <iscustomizable>1</iscustomizable>
  </botcomponent_botcomponent>
  <botcomponent_botcomponent botcomponentidone.schemaname="new_topic_c5b1300f0a6fef11a6706045bd399600_db1f76b081dc43389df9dd2df7518737_confirmedsuccess" botcomponentidtwo.schemaname="new_topic_c5b1300f0a6fef11a6706045bd399600_f56d1a3e522740c78f9fac0939332dbd_goodbye">
    <iscustomizable>1</iscustomizable>
  </botcomponent_botcomponent>
  <botcomponent_botcomponent botcomponentidone.schemaname="new_topic_d2b01c97294746f2aae12b760954769b" botcomponentidtwo.schemaname="new_topic_c5b1300f0a6fef11a6706045bd399600_aeabea4d071f415c8c107e1cb7af5424_assumedsuccess">
    <iscustomizable>1</iscustomizable>
  </botcomponent_botcomponent>
  <botcomponent_botcomponent botcomponentidone.schemaname="new_topic_d6d4a2b79c8c458f98f1005b77c51431" botcomponentidtwo.schemaname="new_topic_c5b1300f0a6fef11a6706045bd399600_aeabea4d071f415c8c107e1cb7af5424_assumedsuccess">
    <iscustomizable>1</iscustomizable>
  </botcomponent_botcomponent>
</botcomponent_botcomponentset>