<ImportExportXml version="9.2.24094.182" SolutionPackageVersion="9.2" languagecode="3082" generatedBy="CrmLive" xmlns:xsi="http://www.w3.org/2001/XMLSchema-instance" OrganizationVersion="9.2.24094.182" OrganizationSchemaType="Core" CRMServerServiceabilityVersion="9.2.24094.00182">
  <SolutionManifest>
    <UniqueName>Prueba1</UniqueName>
    <LocalizedNames>
      <LocalizedName description="Prueba1" languagecode="3082" />
    </LocalizedNames>
    <Descriptions />
    <Version>1.0.0.3</Version>
    <Managed>1</Managed>
    <Publisher>
      <UniqueName>DefaultPublisherorg8819b758</UniqueName>
      <LocalizedNames>
        <LocalizedName description="Editor predeterminado para org8819b758" languagecode="3082" />
      </LocalizedNames>
      <Descriptions>
        <Description description="Editor predeterminado para esta organización" languagecode="3082" />
      </Descriptions>
      <EMailAddress xsi:nil="true"></EMailAddress>
      <SupportingWebsiteUrl xsi:nil="true"></SupportingWebsiteUrl>
      <CustomizationPrefix>new</CustomizationPrefix>
      <CustomizationOptionValuePrefix>10000</CustomizationOptionValuePrefix>
    </Publisher>
    <RootComponents />
    <MissingDependencies />
  </SolutionManifest>
</ImportExportXml>